"","Subdistrict_Code","Year","NumberCases"
"1","103604",2014,45
"2","101203",2014,47
"3","101504",2014,36
"4","100502",2014,54
"5","103001",2014,91
"6","102601",2014,176
"7","103501",2014,29
"8","104401",2014,88
"9","104004",2014,65
"10","101401",2014,75
"11","101506",2014,10
"12","101701",2014,34
"13","100601",2014,64
"14","101803",2014,26
"15","103802",2014,19
"16","104802",2014,32
"17","103004",2014,27
"18","102701",2014,98
"19","102901",2014,74
"20","104701",2014,111
"21","102402",2014,47
"22","104202",2014,30
"23","102803",2014,28
"24","100307",2014,36
"25","104203",2014,46
"26","101101",2014,27
"27","104501",2014,42
"28","100508",2014,37
"29","103901",2014,11
"30","102401",2014,42
"31","104301",2014,40
"32","102201",2014,24
"33","100206",2014,30
"34","101102",2014,17
"35","101501",2014,6
"36","104601",2014,27
"37","105001",2014,77
"38","104201",2014,34
"39","102105",2014,60
"40","104101",2014,60
"41","101301",2014,2
"42","103903",2014,41
"43","103504",2014,46
"44","104002",2014,41
"45","104001",2014,57
"46","103201",2014,69
"47","100305",2014,31
"48","101704",2014,21
"49","103401",2014,109
"50","103202",2014,35
"51","101204",2014,48
"52","102107",2014,100
"53","100801",2014,12
"54","101507",2014,6
"55","104801",2014,13
"56","100702",2014,11
"57","103701",2014,25
"58","100301",2014,28
"59","100905",2014,61
"60","100608",2014,96
"61","101601",2014,11
"62","103703",2014,15
"63","101804",2014,24
"64","102210",2014,8
"65","104901",2014,42
"66","103005",2014,16
"67","101902",2014,23
"68","102801",2014,38
"69","102303",2014,73
"70","103203",2014,35
"71","102302",2014,98
"72","104504",2014,55
"73","103502",2014,27
"74","100202",2014,2
"75","103801",2014,93
"76","101602",2014,32
"77","101001",2014,47
"78","103102",2014,43
"79","103602",2014,49
"80","104902",2014,63
"81","101802",2014,32
"82","103103",2014,63
"83","101002",2014,15
"84","100204",2014,16
"85","103902",2014,41
"86","103704",2014,28
"87","100306",2014,6
"88","100703",2014,16
"89","104302",2014,18
"90","100402",2014,8
"91","100203",2014,18
"92","103101",2014,48
"93","100704",2014,9
"94","104603",2014,34
"95","103503",2014,21
"96","102202",2014,14
"97","101104",2014,9
"98","104503",2014,15
"99","101106",2014,6
"100","100405",2014,16
"101","103301",2014,59
"102","100401",2014,10
"103","102004",2014,13
"104","104102",2014,19
"105","102009",2014,10
"106","100802",2014,1
"107","102705",2014,13
"108","101702",2014,7
"109","101503",2014,18
"110","100302",2014,22
"111","103003",2014,15
"112","100403",2014,7
"113","103002",2014,13
"114","100111",2014,6
"115","100109",2014,9
"116","101904",2014,7
"117","100201",2014,29
"118","101905",2014,10
"119","102504",2014,20
"120","101505",2014,11
"121","100404",2014,10
"122","109999",2014,5
"123","101103",2014,7
"124","103302",2014,6
"125","104605",2014,12
"126","101801",2014,10
"127","102209",2014,18
"128","104003",2014,22
"129","100303",2014,3
"130","102006",2014,11
"131","100805",2014,17
"132","104502",2014,8
"133","102503",2014,20
"134","104602",2014,12
"135","103605",2014,5
"136","102802",2014,12
"137","102207",2014,11
"138","102005",2014,36
"139","100104",2014,2
"140","102206",2014,9
"141","103702",2014,18
"142","101502",2014,12
"143","102501",2014,17
"144","100110",2014,5
"145","102902",2014,5
"146","101901",2014,7
"147","102208",2014,3
"148","100701",2014,10
"149","100304",2014,4
"150","101302",2014,4
"151","100101",2014,1
"152","100803",2014,5
"153","100112",2014,2
"154","100107",2014,4
"155","100103",2014,4
"156","101903",2014,12
"157","102007",2014,18
"158","101303",2014,2
"159","103303",2014,14
"160","100308",2014,4
"161","100102",2014,3
"162","102502",2014,14
"163","101105",2014,5
"164","100804",2014,3
"165","100108",2014,2
"166","102704",2014,1
"167","104604",2014,3
"168","810116",2014,79
"169","810301",2014,26
"170","810111",2014,37
"171","810101",2014,76
"172","800401",2014,13
"173","800205",2014,61
"174","810305",2014,19
"175","801405",2014,32
"176","810117",2014,38
"177","801208",2014,9
"178","800305",2014,30
"179","801402",2014,37
"180","810803",2014,4
"181","810801",2014,9
"182","801205",2014,23
"183","810604",2014,8
"184","801501",2014,56
"185","801201",2014,21
"186","801404",2014,39
"187","800501",2014,18
"188","810602",2014,5
"189","810103",2014,55
"190","801207",2014,10
"191","800904",2014,9
"192","800112",2014,29
"193","801403",2014,36
"194","801301",2014,52
"195","801409",2014,50
"196","800108",2014,13
"197","810403",2014,45
"198","800706",2014,17
"199","800404",2014,30
"200","801210",2014,21
"201","800613",2014,16
"202","810105",2014,68
"203","800101",2014,48
"204","801406",2014,36
"205","802002",2014,16
"206","801407",2014,41
"207","800202",2014,48
"208","810808",2014,4
"209","810102",2014,41
"210","802303",2014,23
"211","802101",2014,120
"212","800106",2014,15
"213","810401",2014,26
"214","810118",2014,24
"215","810304",2014,23
"216","800122",2014,56
"217","800121",2014,15
"218","800204",2014,77
"219","810701",2014,9
"220","810405",2014,27
"221","801408",2014,17
"222","810303",2014,17
"223","801003",2014,8
"224","801702",2014,7
"225","801214",2014,12
"226","802301",2014,11
"227","800911",2014,14
"228","801401",2014,43
"229","800807",2014,30
"230","800416",2014,10
"231","810203",2014,2
"232","802203",2014,13
"233","801002",2014,5
"234","802201",2014,45
"235","800709",2014,12
"236","800505",2014,15
"237","800120",2014,77
"238","810603",2014,10
"239","800909",2014,20
"240","810106",2014,28
"241","810302",2014,24
"242","800303",2014,18
"243","802102",2014,79
"244","801106",2014,6
"245","810404",2014,15
"246","810115",2014,65
"247","810502",2014,35
"248","810501",2014,17
"249","800103",2014,6
"250","801502",2014,40
"251","800203",2014,22
"252","800901",2014,18
"253","801605",2014,11
"254","801212",2014,12
"255","801107",2014,11
"256","800903",2014,16
"257","801203",2014,9
"258","800201",2014,66
"259","801302",2014,53
"260","800802",2014,18
"261","810508",2014,4
"262","800504",2014,22
"263","800118",2014,39
"264","801202",2014,2
"265","801001",2014,16
"266","801206",2014,3
"267","802104",2014,88
"268","801211",2014,6
"269","800115",2014,51
"270","800114",2014,8
"271","800905",2014,6
"272","801905",2014,8
"273","810402",2014,12
"274","801105",2014,18
"275","800612",2014,13
"276","810704",2014,1
"277","810504",2014,19
"278","800611",2014,5
"279","801609",2014,17
"280","801503",2014,26
"281","800503",2014,46
"282","800801",2014,67
"283","810702",2014,4
"284","810703",2014,6
"285","802103",2014,51
"286","800601",2014,11
"287","802003",2014,17
"288","800107",2014,18
"289","800119",2014,4
"290","810406",2014,21
"291","800607",2014,18
"292","800806",2014,47
"293","800405",2014,11
"294","801215",2014,5
"295","810407",2014,18
"296","800403",2014,18
"297","800902",2014,12
"298","800113",2014,11
"299","802004",2014,31
"300","801218",2014,3
"301","801306",2014,11
"302","800908",2014,10
"303","801906",2014,12
"304","800102",2014,15
"305","810506",2014,21
"306","800409",2014,13
"307","801217",2014,3
"308","801209",2014,3
"309","801903",2014,4
"310","801101",2014,12
"311","810601",2014,8
"312","801305",2014,15
"313","801602",2014,22
"314","800116",2014,30
"315","810509",2014,6
"316","810201",2014,2
"317","810807",2014,5
"318","800701",2014,15
"319","810204",2014,6
"320","802302",2014,17
"321","800708",2014,2
"322","810806",2014,1
"323","810805",2014,3
"324","801303",2014,20
"325","800410",2014,14
"326","801104",2014,3
"327","801704",2014,3
"328","810205",2014,1
"329","801216",2014,3
"330","802001",2014,13
"331","800407",2014,8
"332","800906",2014,8
"333","800502",2014,22
"334","800301",2014,16
"335","800912",2014,4
"336","810505",2014,12
"337","801204",2014,2
"338","800406",2014,4
"339","801103",2014,9
"340","810804",2014,4
"341","810408",2014,2
"342","801701",2014,3
"343","800710",2014,4
"344","801603",2014,13
"345","801601",2014,16
"346","810202",2014,5
"347","800913",2014,14
"348","810206",2014,2
"349","800606",2014,10
"350","800707",2014,10
"351","801608",2014,1
"352","802202",2014,9
"353","801801",2014,4
"354","802304",2014,12
"355","810104",2014,1
"356","800809",2014,47
"357","810802",2014,1
"358","800304",2014,10
"359","800811",2014,37
"360","800804",2014,20
"361","800810",2014,12
"362","800302",2014,10
"363","800803",2014,42
"364","800705",2014,6
"365","801102",2014,4
"366","801304",2014,4
"367","800813",2014,8
"368","800702",2014,6
"369","800604",2014,1
"370","801604",2014,5
"371","800907",2014,2
"372","801803",2014,3
"373","801611",2014,6
"374","801904",2014,6
"375","800605",2014,4
"376","800704",2014,10
"377","800703",2014,3
"378","810706",2014,1
"379","800603",2014,3
"380","800610",2014,5
"381","800711",2014,1
"382","810503",2014,1
"383","100206",2015,249
"384","104001",2015,355
"385","102201",2015,126
"386","102401",2015,229
"387","103501",2015,175
"388","103201",2015,567
"389","101801",2015,67
"390","102701",2015,392
"391","103701",2015,152
"392","101901",2015,40
"393","100601",2015,456
"394","102901",2015,475
"395","105001",2015,664
"396","104902",2015,208
"397","102302",2015,194
"398","103202",2015,273
"399","101501",2015,43
"400","102501",2015,239
"401","102301",2015,2
"402","103401",2015,872
"403","101401",2015,419
"404","102101",2015,2
"405","104601",2015,122
"406","101701",2015,232
"407","100101",2015,20
"408","104701",2015,402
"409","104901",2015,229
"410","104802",2015,120
"411","104801",2015,94
"412","104605",2015,45
"413","104604",2015,35
"414","104603",2015,189
"415","104602",2015,69
"416","104504",2015,181
"417","104503",2015,143
"418","104502",2015,45
"419","104501",2015,407
"420","104401",2015,619
"421","104302",2015,41
"422","104301",2015,156
"423","104203",2015,274
"424","104202",2015,72
"425","104201",2015,215
"426","104102",2015,131
"427","104101",2015,370
"428","104004",2015,176
"429","104003",2015,115
"430","104002",2015,189
"431","103903",2015,258
"432","103902",2015,285
"433","103901",2015,72
"434","103802",2015,138
"435","103801",2015,713
"436","103704",2015,79
"437","103703",2015,65
"438","103702",2015,56
"439","103605",2015,29
"440","103604",2015,191
"441","103602",2015,354
"442","103504",2015,213
"443","103503",2015,220
"444","103502",2015,116
"445","103303",2015,66
"446","103302",2015,58
"447","103301",2015,322
"448","103203",2015,210
"449","103103",2015,184
"450","103102",2015,89
"451","103101",2015,162
"452","103005",2015,183
"453","103004",2015,154
"454","103003",2015,233
"455","103002",2015,60
"456","103001",2015,439
"457","102902",2015,74
"458","102803",2015,88
"459","102802",2015,78
"460","102801",2015,84
"461","102705",2015,45
"462","102704",2015,32
"463","102601",2015,603
"464","102504",2015,175
"465","102503",2015,119
"466","102502",2015,172
"467","102402",2015,267
"468","102303",2015,168
"469","102210",2015,28
"470","102209",2015,70
"471","102208",2015,46
"472","102207",2015,98
"473","102206",2015,31
"474","102202",2015,95
"475","102107",2015,485
"476","102105",2015,241
"477","102009",2015,130
"478","102007",2015,148
"479","102006",2015,75
"480","102005",2015,161
"481","102004",2015,57
"482","101907",2015,20
"483","101905",2015,65
"484","101904",2015,50
"485","101903",2015,76
"486","101902",2015,123
"487","101804",2015,65
"488","101803",2015,110
"489","101802",2015,86
"490","101704",2015,241
"491","101702",2015,87
"492","101602",2015,259
"493","101601",2015,66
"494","101507",2015,50
"495","101506",2015,68
"496","101505",2015,61
"497","101504",2015,287
"498","101503",2015,116
"499","101502",2015,35
"500","101303",2015,23
"501","101302",2015,34
"502","101301",2015,27
"503","101204",2015,171
"504","101203",2015,183
"505","101106",2015,23
"506","101105",2015,73
"507","101104",2015,100
"508","101103",2015,51
"509","101102",2015,240
"510","101101",2015,145
"511","101002",2015,179
"512","101001",2015,395
"513","100905",2015,513
"514","100805",2015,27
"515","100804",2015,35
"516","100803",2015,39
"517","100802",2015,27
"518","100801",2015,79
"519","100704",2015,76
"520","100703",2015,70
"521","100702",2015,39
"522","100701",2015,70
"523","100608",2015,534
"524","100508",2015,237
"525","100502",2015,464
"526","100405",2015,22
"527","100404",2015,21
"528","100403",2015,8
"529","100402",2015,22
"530","100401",2015,31
"531","100308",2015,45
"532","100307",2015,89
"533","100306",2015,58
"534","100305",2015,110
"535","100304",2015,27
"536","100303",2015,20
"537","100302",2015,112
"538","100301",2015,143
"539","100204",2015,17
"540","100203",2015,62
"541","100202",2015,53
"542","100201",2015,101
"543","100112",2015,10
"544","100111",2015,14
"545","100110",2015,24
"546","100109",2015,8
"547","100108",2015,7
"548","100107",2015,25
"549","100106",2015,9
"550","100105",2015,10
"551","100104",2015,16
"552","100103",2015,12
"553","100102",2015,30
"554","100501",2015,2
"555","102001",2015,1
"556","101201",2015,1
"557","100214",2015,1
"558","100212",2015,1
"559","810116",2015,176
"560","810405",2015,52
"561","810101",2015,110
"562","810117",2015,51
"563","810115",2015,110
"564","810802",2015,1
"565","810301",2015,13
"566","810111",2015,98
"567","810105",2015,85
"568","801101",2015,36
"569","810403",2015,87
"570","810602",2015,5
"571","810103",2015,87
"572","802001",2015,19
"573","810508",2015,7
"574","810801",2015,25
"575","801408",2015,19
"576","801904",2015,29
"577","800503",2015,14
"578","800912",2015,17
"579","801401",2015,40
"580","801405",2015,22
"581","800709",2015,14
"582","801406",2015,26
"583","800610",2015,6
"584","801001",2015,38
"585","800118",2015,28
"586","810102",2015,46
"587","801104",2015,30
"588","810118",2015,49
"589","801403",2015,14
"590","810808",2015,5
"591","800908",2015,14
"592","800801",2015,19
"593","800108",2015,5
"594","800913",2015,19
"595","800304",2015,11
"596","800903",2015,14
"597","810504",2015,34
"598","801702",2015,63
"599","810204",2015,28
"600","800116",2015,11
"601","800120",2015,58
"602","810106",2015,82
"603","810703",2015,19
"604","810404",2015,31
"605","800701",2015,10
"606","801611",2015,35
"607","801404",2015,27
"608","801409",2015,11
"609","800901",2015,25
"610","802003",2015,8
"611","801203",2015,2
"612","800101",2015,62
"613","802203",2015,12
"614","801402",2015,17
"615","810505",2015,47
"616","800404",2015,10
"617","810807",2015,8
"618","810603",2015,27
"619","801211",2015,4
"620","801902",2015,5
"621","810509",2015,20
"622","800122",2015,30
"623","801303",2015,12
"624","810704",2015,7
"625","801217",2015,1
"626","810506",2015,17
"627","810303",2015,37
"628","800607",2015,11
"629","800811",2015,13
"630","800114",2015,9
"631","801503",2015,20
"632","801501",2015,25
"633","810702",2015,15
"634","801703",2015,20
"635","800902",2015,25
"636","800103",2015,14
"637","810803",2015,17
"638","801905",2015,20
"639","800612",2015,3
"640","801216",2015,2
"641","802101",2015,5
"642","810203",2015,16
"643","800906",2015,11
"644","801801",2015,5
"645","800803",2015,20
"646","810503",2015,13
"647","801605",2015,8
"648","802004",2015,11
"649","810701",2015,13
"650","800119",2015,5
"651","810201",2015,19
"652","801603",2015,16
"653","801218",2015,3
"654","810205",2015,10
"655","810601",2015,17
"656","802201",2015,17
"657","802303",2015,20
"658","800403",2015,13
"659","810401",2015,26
"660","801704",2015,14
"661","800911",2015,15
"662","810406",2015,22
"663","801301",2015,36
"664","810407",2015,21
"665","800205",2015,12
"666","810402",2015,34
"667","800203",2015,9
"668","801302",2015,25
"669","810805",2015,10
"670","810604",2015,7
"671","800115",2015,24
"672","802302",2015,10
"673","810502",2015,10
"674","800501",2015,9
"675","802002",2015,14
"676","810305",2015,11
"677","810304",2015,10
"678","801003",2015,21
"679","801407",2015,8
"680","800710",2015,17
"681","800107",2015,26
"682","800416",2015,13
"683","800603",2015,2
"684","801906",2015,22
"685","800813",2015,24
"686","801701",2015,30
"687","810501",2015,11
"688","800907",2015,25
"689","801306",2015,15
"690","800810",2015,14
"691","810804",2015,9
"692","800302",2015,27
"693","801201",2015,8
"694","810302",2015,5
"695","810806",2015,5
"696","801214",2015,3
"697","800305",2015,19
"698","801601",2015,8
"699","810507",2015,12
"700","800504",2015,7
"701","801215",2015,2
"702","801105",2015,29
"703","801803",2015,5
"704","800502",2015,11
"705","800611",2015,8
"706","801207",2015,1
"707","810202",2015,6
"708","801608",2015,5
"709","800303",2015,11
"710","801208",2015,1
"711","800102",2015,12
"712","800112",2015,8
"713","800909",2015,17
"714","800806",2015,11
"715","800301",2015,7
"716","800121",2015,14
"717","800613",2015,14
"718","801202",2015,2
"719","800113",2015,6
"720","801903",2015,7
"721","800415",2015,4
"722","801901",2015,7
"723","801103",2015,11
"724","800204",2015,29
"725","801602",2015,19
"726","800106",2015,9
"727","801107",2015,17
"728","801305",2015,18
"729","800406",2015,8
"730","801210",2015,3
"731","800601",2015,2
"732","800804",2015,8
"733","802103",2015,4
"734","800905",2015,6
"735","800904",2015,17
"736","800405",2015,9
"737","801002",2015,21
"738","802304",2015,7
"739","801205",2015,1
"740","800401",2015,15
"741","800605",2015,3
"742","800409",2015,9
"743","800201",2015,15
"744","802102",2015,23
"745","801102",2015,5
"746","810206",2015,8
"747","800809",2015,8
"748","802202",2015,13
"749","800802",2015,20
"750","801610",2015,1
"751","800407",2015,7
"752","800807",2015,26
"753","800708",2015,3
"754","800410",2015,10
"755","801502",2015,4
"756","800704",2015,2
"757","800910",2015,7
"758","800707",2015,3
"759","802301",2015,6
"760","800606",2015,5
"761","800705",2015,3
"762","800202",2015,9
"763","800711",2015,5
"764","801802",2015,2
"765","801304",2015,2
"766","800703",2015,6
"767","801609",2015,2
"768","800706",2015,5
"769","802104",2015,6
"770","800702",2015,2
"771","800604",2015,1
"772","801606",2015,2
"773","801607",2015,2
"774","801206",2015,1
"775","801106",2015,1
"776","801604",2015,3
"777","800505",2015,1
"778","100301",2016,41
"779","100302",2016,39
"780","100303",2016,10
"781","100304",2016,22
"782","100305",2016,31
"783","100306",2016,19
"784","100308",2016,17
"785","100502",2016,115
"786","100508",2016,106
"787","100601",2016,190
"788","100608",2016,210
"789","100905",2016,101
"790","101001",2016,153
"791","101002",2016,75
"792","101101",2016,33
"793","101102",2016,91
"794","101104",2016,37
"795","101105",2016,19
"796","101203",2016,86
"797","101204",2016,49
"798","101504",2016,53
"799","101601",2016,22
"800","101701",2016,48
"801","101704",2016,47
"802","101804",2016,19
"803","102005",2016,40
"804","102107",2016,105
"805","103004",2016,75
"806","103201",2016,111
"807","103401",2016,202
"808","103501",2016,56
"809","103504",2016,51
"810","103602",2016,76
"811","103701",2016,31
"812","103704",2016,48
"813","103801",2016,155
"814","103902",2016,62
"815","104101",2016,78
"816","104301",2016,109
"817","104401",2016,143
"818","104503",2016,41
"819","104504",2016,63
"820","104902",2016,48
"821","100103",2016,4
"822","100104",2016,5
"823","100105",2016,6
"824","100107",2016,6
"825","100108",2016,14
"826","100109",2016,7
"827","100110",2016,11
"828","100111",2016,4
"829","100201",2016,20
"830","100202",2016,14
"831","100203",2016,21
"832","100204",2016,10
"833","100206",2016,55
"834","100401",2016,16
"835","100405",2016,10
"836","100701",2016,30
"837","100801",2016,29
"838","102202",2016,39
"839","102207",2016,32
"840","102302",2016,56
"841","102401",2016,57
"842","102504",2016,30
"843","102701",2016,150
"844","102705",2016,38
"845","102801",2016,58
"846","102802",2016,37
"847","102901",2016,129
"848","103001",2016,68
"849","103002",2016,17
"850","103003",2016,63
"851","103101",2016,33
"852","103102",2016,34
"853","103103",2016,57
"854","103202",2016,53
"855","103203",2016,49
"856","103301",2016,117
"857","103303",2016,27
"858","103802",2016,31
"859","103903",2016,65
"860","104201",2016,37
"861","104501",2016,63
"862","104502",2016,16
"863","104601",2016,39
"864","104602",2016,14
"865","104603",2016,60
"866","104701",2016,141
"867","104901",2016,63
"868","100307",2016,27
"869","102601",2016,265
"870","100702",2016,9
"871","100802",2016,21
"872","100803",2016,6
"873","100804",2016,5
"874","100805",2016,5
"875","101106",2016,6
"876","101302",2016,17
"877","101401",2016,135
"878","101503",2016,29
"879","101507",2016,14
"880","101602",2016,61
"881","101802",2016,14
"882","101803",2016,37
"883","101902",2016,51
"884","101904",2016,23
"885","102007",2016,74
"886","102009",2016,23
"887","102105",2016,56
"888","102201",2016,48
"889","102402",2016,51
"890","102501",2016,45
"891","102502",2016,37
"892","102503",2016,30
"893","103005",2016,22
"894","103502",2016,52
"895","103503",2016,48
"896","103703",2016,19
"897","103901",2016,24
"898","104002",2016,50
"899","104003",2016,46
"900","104004",2016,42
"901","104202",2016,24
"902","104203",2016,42
"903","104302",2016,38
"904","104605",2016,8
"905","104802",2016,40
"906","100101",2016,3
"907","100106",2016,3
"908","100402",2016,10
"909","100704",2016,12
"910","101303",2016,8
"911","101501",2016,16
"912","101502",2016,9
"913","101505",2016,26
"914","101506",2016,15
"915","101702",2016,16
"916","101801",2016,9
"917","101901",2016,9
"918","101903",2016,21
"919","101905",2016,26
"920","101907",2016,12
"921","102004",2016,29
"922","102006",2016,9
"923","102206",2016,11
"924","102208",2016,21
"925","102209",2016,26
"926","102210",2016,7
"927","102303",2016,71
"928","102704",2016,18
"929","102803",2016,26
"930","102902",2016,29
"931","103302",2016,18
"932","103604",2016,55
"933","103605",2016,13
"934","103702",2016,18
"935","104001",2016,84
"936","104102",2016,23
"937","104604",2016,24
"938","104801",2016,17
"939","105001",2016,125
"940","100102",2016,9
"941","100403",2016,3
"942","100404",2016,2
"943","100703",2016,4
"944","101103",2016,18
"945","101301",2016,3
"946","100112",2016,2
"947","810101",2016,40
"948","800901",2016,43
"949","800121",2016,17
"950","800911",2016,39
"951","810305",2016,8
"952","800107",2016,33
"953","801803",2016,9
"954","810116",2016,40
"955","802201",2016,33
"956","801214",2016,12
"957","800116",2016,29
"958","810103",2016,44
"959","800106",2016,11
"960","801208",2016,3
"961","801702",2016,59
"962","800101",2016,84
"963","800702",2016,6
"964","800410",2016,13
"965","801401",2016,17
"966","800118",2016,77
"967","800903",2016,31
"968","800902",2016,28
"969","801906",2016,13
"970","800103",2016,24
"971","800610",2016,3
"972","810106",2016,14
"973","810702",2016,5
"974","801703",2016,11
"975","801402",2016,14
"976","801210",2016,8
"977","801201",2016,8
"978","810115",2016,43
"979","800102",2016,43
"980","800701",2016,15
"981","800202",2016,9
"982","801212",2016,6
"983","801207",2016,3
"984","801305",2016,20
"985","810117",2016,16
"986","800913",2016,29
"987","800119",2016,7
"988","800606",2016,2
"989","810304",2016,8
"990","810403",2016,19
"991","801203",2016,7
"992","810105",2016,25
"993","810506",2016,8
"994","801211",2016,3
"995","801218",2016,4
"996","800303",2016,15
"997","810406",2016,15
"998","801603",2016,9
"999","802301",2016,9
"1000","810601",2016,10
"1001","801002",2016,24
"1002","810407",2016,13
"1003","800302",2016,10
"1004","800704",2016,9
"1005","800406",2016,12
"1006","801405",2016,7
"1007","800120",2016,52
"1008","810803",2016,4
"1009","801302",2016,17
"1010","810502",2016,10
"1011","801701",2016,49
"1012","800304",2016,13
"1013","810604",2016,5
"1014","800601",2016,13
"1015","810805",2016,4
"1016","802202",2016,15
"1017","800504",2016,12
"1018","810201",2016,21
"1019","810111",2016,27
"1020","800912",2016,8
"1021","801306",2016,15
"1022","800501",2016,30
"1023","810509",2016,6
"1024","801604",2016,6
"1025","800205",2016,21
"1026","800201",2016,31
"1027","810603",2016,1
"1028","801503",2016,7
"1029","800301",2016,22
"1030","801502",2016,6
"1031","800122",2016,24
"1032","800115",2016,35
"1033","810118",2016,13
"1034","801501",2016,17
"1035","810501",2016,7
"1036","801105",2016,12
"1037","810204",2016,8
"1038","810405",2016,14
"1039","801001",2016,49
"1040","801801",2016,6
"1041","810401",2016,15
"1042","810503",2016,5
"1043","801611",2016,12
"1044","801605",2016,18
"1045","800907",2016,17
"1046","800113",2016,16
"1047","800904",2016,11
"1048","810807",2016,3
"1049","810302",2016,9
"1050","810505",2016,11
"1051","801408",2016,4
"1052","810303",2016,13
"1053","810102",2016,13
"1054","802302",2016,12
"1055","800409",2016,23
"1056","800502",2016,20
"1057","800905",2016,15
"1058","810766",2016,1
"1059","802102",2016,11
"1060","801406",2016,4
"1061","810808",2016,4
"1062","802304",2016,15
"1063","802003",2016,24
"1064","800401",2016,9
"1065","800204",2016,25
"1066","801404",2016,5
"1067","800908",2016,16
"1068","802002",2016,16
"1069","800305",2016,13
"1070","800203",2016,6
"1071","802001",2016,10
"1072","810801",2016,10
"1073","800909",2016,21
"1074","810402",2016,8
"1075","810202",2016,8
"1076","801303",2016,9
"1077","810704",2016,1
"1078","800906",2016,18
"1079","800407",2016,6
"1080","801802",2016,13
"1081","801301",2016,24
"1082","801409",2016,7
"1083","801904",2016,6
"1084","801901",2016,3
"1085","801204",2016,4
"1086","801202",2016,1
"1087","801101",2016,14
"1088","800604",2016,2
"1089","802004",2016,17
"1090","801205",2016,4
"1091","801601",2016,24
"1092","800503",2016,20
"1093","801704",2016,16
"1094","800910",2016,4
"1095","810504",2016,8
"1096","801003",2016,40
"1097","802101",2016,5
"1098","800112",2016,13
"1099","810507",2016,2
"1100","800804",2016,6
"1101","810508",2016,2
"1102","801103",2016,4
"1103","810602",2016,1
"1104","800405",2016,7
"1105","800611",2016,14
"1106","802203",2016,11
"1107","800605",2016,5
"1108","801004",2016,2
"1109","800801",2016,22
"1110","800612",2016,11
"1111","800206",2016,1
"1112","800806",2016,8
"1113","800709",2016,9
"1114","800114",2016,4
"1115","810404",2016,7
"1116","801407",2016,2
"1117","810205",2016,4
"1118","810301",2016,5
"1119","802303",2016,22
"1120","800807",2016,10
"1121","801403",2016,2
"1122","800711",2016,8
"1123","801903",2016,4
"1124","810701",2016,2
"1125","800403",2016,16
"1126","801104",2016,6
"1127","800415",2016,3
"1128","800505",2016,7
"1129","801213",2016,1
"1130","800404",2016,7
"1131","800108",2016,12
"1132","800613",2016,9
"1133","801216",2016,3
"1134","801005",2016,1
"1135","800603",2016,6
"1136","810804",2016,2
"1137","801608",2016,1
"1138","801609",2016,2
"1139","801602",2016,10
"1140","800416",2016,11
"1141","800703",2016,6
"1142","801304",2016,8
"1143","800810",2016,8
"1144","800802",2016,2
"1145","801106",2016,5
"1146","802103",2016,9
"1147","800809",2016,9
"1148","800803",2016,10
"1149","800707",2016,9
"1150","800705",2016,7
"1151","801606",2016,1
"1152","800811",2016,4
"1153","800813",2016,14
"1154","801905",2016,7
"1155","810802",2016,1
"1156","801102",2016,2
"1157","800706",2016,4
"1158","802104",2016,5
"1159","800607",2016,4
"1160","800710",2016,6
"1161","801610",2016,1
"1162","801902",2016,7
"1163","800208",2016,1
"1164","801217",2016,1
"1165","800805",2016,1
"1166","800708",2016,2
"1167","810806",2016,1
"1168","801107",2016,1
"1169","801309",2016,1
"1170","103704",2017,23
"1171","100102",2017,5
"1172","101102",2017,86
"1173","101401",2017,133
"1174","101104",2017,31
"1175","104004",2017,79
"1176","104203",2017,59
"1177","104001",2017,93
"1178","102402",2017,63
"1179","100103",2017,6
"1180","100206",2017,155
"1181","100305",2017,64
"1182","100307",2017,40
"1183","100502",2017,114
"1184","100601",2017,160
"1185","100608",2017,163
"1186","100905",2017,86
"1187","101002",2017,100
"1188","101101",2017,22
"1189","101103",2017,17
"1190","101204",2017,50
"1191","101701",2017,105
"1192","101802",2017,34
"1193","102105",2017,102
"1194","102601",2017,370
"1195","102701",2017,154
"1196","102801",2017,30
"1197","102803",2017,13
"1198","102901",2017,251
"1199","103103",2017,49
"1200","103201",2017,109
"1201","103202",2017,44
"1202","103203",2017,29
"1203","103301",2017,164
"1204","103302",2017,17
"1205","103303",2017,44
"1206","103401",2017,252
"1207","103504",2017,112
"1208","103604",2017,59
"1209","103801",2017,230
"1210","103902",2017,111
"1211","103903",2017,66
"1212","104002",2017,99
"1213","104102",2017,43
"1214","104401",2017,180
"1215","104501",2017,154
"1216","104601",2017,134
"1217","104603",2017,159
"1218","104701",2017,81
"1219","104902",2017,61
"1220","101001",2017,152
"1221","101106",2017,9
"1222","100104",2017,5
"1223","100111",2017,11
"1224","100112",2017,7
"1225","100201",2017,28
"1226","100204",2017,43
"1227","100303",2017,13
"1228","100401",2017,29
"1229","100402",2017,27
"1230","100405",2017,45
"1231","100701",2017,12
"1232","100702",2017,17
"1233","100703",2017,10
"1234","100801",2017,26
"1235","100803",2017,34
"1236","100805",2017,9
"1237","101203",2017,89
"1238","101302",2017,12
"1239","101303",2017,16
"1240","101501",2017,3
"1241","101502",2017,10
"1242","101504",2017,50
"1243","101506",2017,25
"1244","101507",2017,9
"1245","101601",2017,40
"1246","101704",2017,75
"1247","101902",2017,52
"1248","101903",2017,43
"1249","101905",2017,30
"1250","101907",2017,29
"1251","102007",2017,32
"1252","102107",2017,182
"1253","102401",2017,62
"1254","102501",2017,42
"1255","102503",2017,41
"1256","102504",2017,72
"1257","102802",2017,18
"1258","103001",2017,90
"1259","103004",2017,140
"1260","103005",2017,39
"1261","103502",2017,32
"1262","103503",2017,74
"1263","103602",2017,57
"1264","103701",2017,50
"1265","103703",2017,25
"1266","103802",2017,38
"1267","103901",2017,36
"1268","104101",2017,83
"1269","104301",2017,121
"1270","104302",2017,34
"1271","104503",2017,33
"1272","104504",2017,85
"1273","104801",2017,52
"1274","104802",2017,90
"1275","104901",2017,55
"1276","105001",2017,180
"1277","100202",2017,11
"1278","100203",2017,6
"1279","100301",2017,81
"1280","100302",2017,41
"1281","100308",2017,11
"1282","100403",2017,13
"1283","100404",2017,6
"1284","100508",2017,94
"1285","100704",2017,20
"1286","100802",2017,5
"1287","100804",2017,4
"1288","101105",2017,13
"1289","101503",2017,20
"1290","101505",2017,19
"1291","101602",2017,87
"1292","101702",2017,26
"1293","101803",2017,26
"1294","101804",2017,19
"1295","101901",2017,5
"1296","101904",2017,45
"1297","102004",2017,39
"1298","102005",2017,49
"1299","102006",2017,24
"1300","102009",2017,69
"1301","102201",2017,64
"1302","102207",2017,49
"1303","102208",2017,20
"1304","102209",2017,18
"1305","102210",2017,4
"1306","102302",2017,121
"1307","102303",2017,117
"1308","102502",2017,48
"1309","102704",2017,33
"1310","102705",2017,32
"1311","102902",2017,35
"1312","103002",2017,44
"1313","103003",2017,108
"1314","103101",2017,19
"1315","103102",2017,15
"1316","103501",2017,32
"1317","103605",2017,8
"1318","103702",2017,9
"1319","104003",2017,58
"1320","104201",2017,37
"1321","104202",2017,25
"1322","104502",2017,10
"1323","104602",2017,34
"1324","100306",2017,16
"1325","102206",2017,11
"1326","100101",2017,2
"1327","100106",2017,3
"1328","100107",2017,3
"1329","100109",2017,2
"1330","100110",2017,7
"1331","101301",2017,7
"1332","101801",2017,16
"1333","102202",2017,31
"1334","104604",2017,22
"1335","104605",2017,28
"1336","100304",2017,9
"1337","100105",2017,2
"1338","100108",2017,1
"1339","810116",2017,46
"1340","810101",2017,44
"1341","800902",2017,16
"1342","800102",2017,79
"1343","810305",2017,5
"1344","800120",2017,83
"1345","802003",2017,60
"1346","801203",2017,4
"1347","810203",2017,3
"1348","800107",2017,50
"1349","800901",2017,65
"1350","801404",2017,11
"1351","810115",2017,52
"1352","810404",2017,13
"1353","800503",2017,27
"1354","810402",2017,10
"1355","802004",2017,42
"1356","800101",2017,237
"1357","801201",2017,18
"1358","801214",2017,40
"1359","801208",2017,10
"1360","800202",2017,9
"1361","810117",2017,29
"1362","801501",2017,36
"1363","800118",2017,130
"1364","800905",2017,14
"1365","800403",2017,33
"1366","801703",2017,11
"1367","800703",2017,17
"1368","800405",2017,10
"1369","802002",2017,32
"1370","810501",2017,5
"1371","800904",2017,11
"1372","801107",2017,11
"1373","801801",2017,4
"1374","801105",2017,23
"1375","800706",2017,10
"1376","801302",2017,23
"1377","800304",2017,34
"1378","801502",2017,22
"1379","800504",2017,23
"1380","810804",2017,1
"1381","801210",2017,14
"1382","801401",2017,12
"1383","802301",2017,7
"1384","800301",2017,30
"1385","810111",2017,22
"1386","810401",2017,21
"1387","800204",2017,18
"1388","810702",2017,9
"1389","800303",2017,21
"1390","801218",2017,11
"1391","800103",2017,84
"1392","801205",2017,7
"1393","801603",2017,22
"1394","801402",2017,8
"1395","801209",2017,11
"1396","801101",2017,9
"1397","810403",2017,16
"1398","801216",2017,20
"1399","800913",2017,22
"1400","801604",2017,30
"1401","800810",2017,9
"1402","801701",2017,21
"1403","800116",2017,37
"1404","810405",2017,23
"1405","800811",2017,6
"1406","801211",2017,5
"1407","800505",2017,8
"1408","800501",2017,19
"1409","801002",2017,33
"1410","800115",2017,30
"1411","800611",2017,7
"1412","810407",2017,3
"1413","802203",2017,5
"1414","810103",2017,53
"1415","801803",2017,5
"1416","810701",2017,13
"1417","801601",2017,21
"1418","801406",2017,12
"1419","810304",2017,6
"1420","800201",2017,19
"1421","810406",2017,7
"1422","810508",2017,3
"1423","800908",2017,23
"1424","801602",2017,28
"1425","810105",2017,25
"1426","800911",2017,26
"1427","810118",2017,11
"1428","800903",2017,13
"1429","801503",2017,16
"1430","802201",2017,44
"1431","801202",2017,5
"1432","800122",2017,64
"1433","800410",2017,19
"1434","801409",2017,6
"1435","801403",2017,4
"1436","810201",2017,3
"1437","802001",2017,41
"1438","810803",2017,6
"1439","802303",2017,13
"1440","800305",2017,34
"1441","800708",2017,11
"1442","810106",2017,19
"1443","800502",2017,21
"1444","801003",2017,19
"1445","800906",2017,12
"1446","800409",2017,13
"1447","810303",2017,14
"1448","801702",2017,15
"1449","800907",2017,12
"1450","800909",2017,28
"1451","801217",2017,6
"1452","810801",2017,13
"1453","801303",2017,10
"1454","801405",2017,5
"1455","800601",2017,4
"1456","800203",2017,29
"1457","801001",2017,24
"1458","801301",2017,18
"1459","800401",2017,34
"1460","801611",2017,7
"1461","800612",2017,18
"1462","800205",2017,13
"1463","810505",2017,4
"1464","800704",2017,6
"1465","810807",2017,4
"1466","800709",2017,8
"1467","802304",2017,7
"1468","810502",2017,1
"1469","801408",2017,3
"1470","800121",2017,37
"1471","801104",2017,5
"1472","802102",2017,15
"1473","810102",2017,7
"1474","800112",2017,13
"1475","801103",2017,2
"1476","800404",2017,18
"1477","800114",2017,15
"1478","801305",2017,21
"1479","802202",2017,18
"1480","800302",2017,15
"1481","800106",2017,11
"1482","800416",2017,17
"1483","800119",2017,7
"1484","800801",2017,31
"1485","810808",2017,5
"1486","800610",2017,6
"1487","802103",2017,12
"1488","800806",2017,11
"1489","810703",2017,9
"1490","801704",2017,8
"1491","801304",2017,3
"1492","810601",2017,4
"1493","800606",2017,2
"1494","801904",2017,10
"1495","801902",2017,4
"1496","802302",2017,18
"1497","801212",2017,7
"1498","800912",2017,17
"1499","800711",2017,5
"1500","800910",2017,3
"1501","800407",2017,6
"1502","810204",2017,3
"1503","801206",2017,5
"1504","800113",2017,5
"1505","800607",2017,4
"1506","801207",2017,1
"1507","800108",2017,23
"1508","801215",2017,3
"1509","800705",2017,8
"1510","800807",2017,17
"1511","810604",2017,3
"1512","801106",2017,3
"1513","801407",2017,1
"1514","810704",2017,1
"1515","800406",2017,6
"1516","801608",2017,4
"1517","810506",2017,1
"1518","801605",2017,8
"1519","810805",2017,1
"1520","802101",2017,18
"1521","800605",2017,4
"1522","801213",2017,1
"1523","800803",2017,22
"1524","810504",2017,2
"1525","810202",2017,1
"1526","800702",2017,7
"1527","801905",2017,5
"1528","800809",2017,17
"1529","800804",2017,5
"1530","802104",2017,18
"1531","800813",2017,10
"1532","800707",2017,6
"1533","800710",2017,7
"1534","800802",2017,4
"1535","801606",2017,3
"1536","801609",2017,6
"1537","800603",2017,4
"1538","810507",2017,2
"1539","802701",2017,1
"1540","800613",2017,6
"1541","801901",2017,2
"1542","801903",2017,6
"1543","801906",2017,8
"1544","800206",2017,1
"1545","800415",2017,2
"1546","800604",2017,2
"1547","810802",2017,1
"1548","800701",2017,6
"1549","801306",2017,1
"1550","810503",2017,2
"1551","801610",2017,2
"1552","810509",2017,1
"1553","810806",2017,1
"1554","104902",2018,33
"1555","103504",2018,28
"1556","102402",2018,13
"1557","101907",2018,10
"1558","103201",2018,31
"1559","101903",2018,16
"1560","103003",2018,16
"1561","102302",2018,40
"1562","103503",2018,44
"1563","103103",2018,15
"1564","103102",2018,17
"1565","101204",2018,31
"1566","100704",2018,14
"1567","102802",2018,11
"1568","101701",2018,27
"1569","102801",2018,15
"1570","102901",2018,20
"1571","101203",2018,40
"1572","104801",2018,12
"1573","104203",2018,8
"1574","102107",2018,60
"1575","102701",2018,30
"1576","102009",2018,9
"1577","103301",2018,39
"1578","100403",2018,6
"1579","102504",2018,18
"1580","102401",2018,18
"1581","104001",2018,32
"1582","103502",2018,12
"1583","103704",2018,6
"1584","104501",2018,13
"1585","100112",2018,1
"1586","100202",2018,5
"1587","103001",2018,19
"1588","103702",2018,5
"1589","100608",2018,50
"1590","102501",2018,7
"1591","105002",2018,6
"1592","101704",2018,24
"1593","100803",2018,5
"1594","104701",2018,31
"1595","101002",2018,59
"1596","102201",2018,18
"1597","102005",2018,24
"1598","103701",2018,12
"1599","100502",2018,22
"1600","103602",2018,13
"1601","102303",2018,45
"1602","103202",2018,21
"1603","100305",2018,23
"1604","100508",2018,18
"1605","103401",2018,61
"1606","104502",2018,7
"1607","101301",2018,1
"1608","103902",2018,18
"1609","102105",2018,29
"1610","104002",2018,21
"1611","101802",2018,4
"1612","102704",2018,4
"1613","100905",2018,43
"1614","104301",2018,23
"1615","100302",2018,16
"1616","104004",2018,37
"1617","101401",2018,15
"1618","102004",2018,12
"1619","104401",2018,54
"1620","105001",2018,36
"1621","103801",2018,47
"1622","104003",2018,12
"1623","100601",2018,36
"1624","101103",2018,10
"1625","100206",2018,13
"1626","104504",2018,9
"1627","101602",2018,30
"1628","103501",2018,10
"1629","101905",2018,12
"1630","100111",2018,1
"1631","101505",2018,5
"1632","102207",2018,20
"1633","103004",2018,11
"1634","103002",2018,7
"1635","103901",2018,3
"1636","100703",2018,4
"1637","102502",2018,4
"1638","102601",2018,49
"1639","104302",2018,8
"1640","100301",2018,26
"1641","104601",2018,11
"1642","101501",2018,4
"1643","101104",2018,12
"1644","100910",2018,1
"1645","102202",2018,19
"1646","104603",2018,14
"1647","104802",2018,10
"1648","100701",2018,2
"1649","101803",2018,9
"1650","100405",2018,6
"1651","100103",2018,1
"1652","101503",2018,4
"1653","101902",2018,15
"1654","101601",2018,6
"1655","104102",2018,8
"1656","102007",2018,17
"1657","104101",2018,20
"1658","102803",2018,10
"1659","101001",2018,61
"1660","104503",2018,8
"1661","104201",2018,4
"1662","101102",2018,24
"1663","100402",2018,9
"1664","103605",2018,6
"1665","100107",2018,3
"1666","102503",2018,2
"1667","103802",2018,6
"1668","100306",2018,8
"1669","101502",2018,2
"1670","104602",2018,9
"1671","102902",2018,4
"1672","103303",2018,4
"1673","101901",2018,6
"1674","102705",2018,11
"1675","100201",2018,2
"1676","100204",2018,4
"1677","100304",2018,2
"1678","104202",2018,7
"1679","101101",2018,12
"1680","101804",2018,4
"1681","101506",2018,7
"1682","104605",2018,11
"1683","103604",2018,13
"1684","101504",2018,6
"1685","103203",2018,6
"1686","100303",2018,2
"1687","100307",2018,11
"1688","101106",2018,1
"1689","101801",2018,2
"1690","103903",2018,7
"1691","100805",2018,2
"1692","100102",2018,2
"1693","104604",2018,3
"1694","100109",2018,1
"1695","103302",2018,3
"1696","102006",2018,3
"1697","101302",2018,1
"1698","100801",2018,4
"1699","102210",2018,3
"1700","100308",2018,1
"1701","100404",2018,2
"1702","101303",2018,1
"1703","101904",2018,5
"1704","103402",2018,2
"1705","100401",2018,2
"1706","100110",2018,1
"1707","102208",2018,3
"1708","103101",2018,4
"1709","102209",2018,2
"1710","101507",2018,6
"1711","103005",2018,2
"1712","100804",2018,1
"1713","100108",2018,1
"1714","101105",2018,3
"1715","101702",2018,3
"1716","100104",2018,1
"1717","810116",2018,13
"1718","800101",2018,55
"1719","801802",2018,3
"1720","810101",2018,18
"1721","810807",2018,6
"1722","800203",2018,8
"1723","810115",2018,15
"1724","801406",2018,2
"1725","800112",2018,4
"1726","810205",2018,2
"1727","801214",2018,10
"1728","800903",2018,6
"1729","802102",2018,35
"1730","810304",2018,13
"1731","810403",2018,36
"1732","810701",2018,4
"1733","801501",2018,25
"1734","801105",2018,25
"1735","810106",2018,15
"1736","810303",2018,10
"1737","810111",2018,15
"1738","800113",2018,6
"1739","801106",2018,3
"1740","800906",2018,3
"1741","810404",2018,14
"1742","810105",2018,16
"1743","810405",2018,23
"1744","800403",2018,35
"1745","801905",2018,4
"1746","801210",2018,5
"1747","800120",2018,35
"1748","801101",2018,6
"1749","801801",2018,7
"1750","800115",2018,43
"1751","810302",2018,1
"1752","800409",2018,10
"1753","800901",2018,6
"1754","800416",2018,7
"1755","801605",2018,3
"1756","801502",2018,9
"1757","801201",2018,9
"1758","810506",2018,12
"1759","800709",2018,1
"1760","810305",2018,2
"1761","801103",2018,14
"1762","801212",2018,5
"1763","800404",2018,26
"1764","802001",2018,22
"1765","810117",2018,22
"1766","810103",2018,18
"1767","801205",2018,1
"1768","810504",2018,12
"1769","801702",2018,8
"1770","810502",2018,8
"1771","801409",2018,4
"1772","801102",2018,2
"1773","802203",2018,3
"1774","800205",2018,8
"1775","800908",2018,1
"1776","800303",2018,17
"1777","801404",2018,2
"1778","802003",2018,14
"1779","800904",2018,4
"1780","801803",2018,5
"1781","800410",2018,10
"1782","800905",2018,2
"1783","800501",2018,5
"1784","800102",2018,12
"1785","800407",2018,5
"1786","801002",2018,5
"1787","800611",2018,7
"1788","810301",2018,1
"1789","800702",2018,2
"1790","810401",2018,6
"1791","810501",2018,9
"1792","810507",2018,8
"1793","800118",2018,29
"1794","801303",2018,6
"1795","800304",2018,6
"1796","800701",2018,3
"1797","800405",2018,26
"1798","801001",2018,19
"1799","810802",2018,1
"1800","800201",2018,9
"1801","801302",2018,6
"1802","800415",2018,2
"1803","800705",2018,3
"1804","810604",2018,3
"1805","810204",2018,3
"1806","800911",2018,7
"1807","800116",2018,9
"1808","810503",2018,5
"1809","802201",2018,6
"1810","801408",2018,1
"1811","801203",2018,3
"1812","810201",2018,3
"1813","800103",2018,23
"1814","810508",2018,3
"1815","800503",2018,17
"1816","810402",2018,1
"1817","800108",2018,11
"1818","810801",2018,3
"1819","810406",2018,3
"1820","801703",2018,5
"1821","801503",2018,6
"1822","810804",2018,4
"1823","800504",2018,3
"1824","800902",2018,8
"1825","801305",2018,1
"1826","800202",2018,2
"1827","800912",2018,3
"1828","801003",2018,4
"1829","802004",2018,6
"1830","801301",2018,2
"1831","800122",2018,11
"1832","800114",2018,2
"1833","810505",2018,2
"1834","810808",2018,3
"1835","810118",2018,5
"1836","810806",2018,2
"1837","800913",2018,2
"1838","801701",2018,8
"1839","810603",2018,2
"1840","810803",2018,1
"1841","810202",2018,1
"1842","800909",2018,2
"1843","800505",2018,7
"1844","800502",2018,7
"1845","800406",2018,3
"1846","800810",2018,4
"1847","801403",2018,2
"1848","800613",2018,5
"1849","800107",2018,5
"1850","801216",2018,2
"1851","800401",2018,6
"1852","801402",2018,2
"1853","802002",2018,11
"1854","810407",2018,4
"1855","802202",2018,3
"1856","801204",2018,2
"1857","800811",2018,6
"1858","810702",2018,1
"1859","800803",2018,4
"1860","802101",2018,7
"1861","802104",2018,9
"1862","801704",2018,2
"1863","801602",2018,11
"1864","810509",2018,3
"1865","800802",2018,5
"1866","801603",2018,7
"1867","800610",2018,1
"1868","802302",2018,3
"1869","800106",2018,4
"1870","800907",2018,1
"1871","800121",2018,5
"1872","800612",2018,1
"1873","800606",2018,3
"1874","800809",2018,3
"1875","801208",2018,1
"1876","800204",2018,3
"1877","801904",2018,5
"1878","800801",2018,7
"1879","801601",2018,8
"1880","802103",2018,2
"1881","800807",2018,4
"1882","800813",2018,2
"1883","800104",2018,1
"1884","800703",2018,1
"1885","800710",2018,2
"1886","801902",2018,2
"1887","810805",2018,2
"1888","801610",2018,1
"1889","800804",2018,3
"1890","800706",2018,1
"1891","800305",2018,1
"1892","800711",2018,1
"1893","801611",2018,5
"1894","802303",2018,1
"1895","802304",2018,1
"1896","801608",2018,2
"1897","800708",2018,1
"1898","800301",2018,1
"1899","800806",2018,2
"1900","801604",2018,2
"1901","801906",2018,1
"1902","802301",2018,1
"1903","801901",2018,1
"1904","800603",2018,1
"1905","801107",2018,1
"1906","800601",2018,1
