subdist_ID,Subdistrict,male_age_0,female_age_0,male_age_1,female_age_1,male_age_2,female_age_2,male_age_3,female_age_3,male_age_4,female_age_4,male_age_5,female_age_5,male_age_6,female_age_6,male_age_7,female_age_7,male_age_8,female_age_8,male_age_9,female_age_9,male_age_10,female_age_10,male_age_11,female_age_11,male_age_12,female_age_12,male_age_13,female_age_13,male_age_14,female_age_14,male_age_15,female_age_15,male_age_16,female_age_16,male_age_17,female_age_17,male_age_18,female_age_18,male_age_19,female_age_19,male_age_20,female_age_20,male_age_21,female_age_21,male_age_22,female_age_22,male_age_23,female_age_23,male_age_24,female_age_24,male_age_25,female_age_25,male_age_26,female_age_26,male_age_27,female_age_27,male_age_28,female_age_28,male_age_29,female_age_29,male_age_30,female_age_30,male_age_31,female_age_31,male_age_32,female_age_32,male_age_33,female_age_33,male_age_34,female_age_34,male_age_35,female_age_35,male_age_36,female_age_36,male_age_37,female_age_37,male_age_38,female_age_38,male_age_39,female_age_39,male_age_40,female_age_40,male_age_41,female_age_41,male_age_42,female_age_42,male_age_43,female_age_43,male_age_44,female_age_44,male_age_45,female_age_45,male_age_46,female_age_46,male_age_47,female_age_47,male_age_48,female_age_48,male_age_49,female_age_49,male_age_50,female_age_50,male_age_51,female_age_51,male_age_52,female_age_52,male_age_53,female_age_53,male_age_54,female_age_54,male_age_55,female_age_55,male_age_56,female_age_56,male_age_57,female_age_57,male_age_58,female_age_58,male_age_59,female_age_59,male_age_60,female_age_60,male_age_61,female_age_61,male_age_62,female_age_62,male_age_63,female_age_63,male_age_64,female_age_64,male_age_65,female_age_65,male_age_66,female_age_66,male_age_67,female_age_67,male_age_68,female_age_68,male_age_69,female_age_69,male_age_70,female_age_70,male_age_71,female_age_71,male_age_72,female_age_72,male_age_73,female_age_73,male_age_74,female_age_74,male_age_75,female_age_75,male_age_76,female_age_76,male_age_77,female_age_77,male_age_78,female_age_78,male_age_79,female_age_79,male_age_80,female_age_80,male_age_81,female_age_81,male_age_82,female_age_82,male_age_83,female_age_83,male_age_84,female_age_84,male_age_85,female_age_85,male_age_86,female_age_86,male_age_87,female_age_87,male_age_88,female_age_88,male_age_89,female_age_89,male_age_90,female_age_90,male_age_91,female_age_91,male_age_92,female_age_92,male_age_93,female_age_93,male_age_94,female_age_94,male_age_95,female_age_95,male_age_96,female_age_96,male_age_97,female_age_97,male_age_98,female_age_98,male_age_99,female_age_99,male_age_100,female_age_100,male_age_101,female_age_101,MALE_TDOB,FEMALE_TDOB,TOTAL_TDOB,MALE_XHOUSE,FEMALE_XHOUSE,TOTAL_XHOUSE,MALE_OTHER_NAT,FEMALE_OTHER_NAT,TOTAL_OTHER_NAT,MALE_MOVE,FEMALE_MOVE,TOTAL_MOVE,MALE_TOT,FEMALE_TOT,TOTAL_TOT,Subdistrict_EN
810101,ปากน้ำ,91,86,115,112,121,115,112,133,154,181,176,161,149,149,179,153,162,175,186,162,164,157,189,192,186,205,143,179,163,183,158,138,142,158,137,143,151,136,149,139,159,171,128,123,101,138,135,129,135,147,127,106,109,144,120,130,117,154,105,123,109,147,131,138,98,159,132,158,126,165,128,179,135,196,126,186,119,167,137,205,162,187,125,202,150,201,156,197,115,208,134,155,124,153,119,159,124,164,123,150,126,162,132,138,126,135,105,159,119,126,111,139,86,140,104,141,87,119,94,102,73,92,72,86,72,101,70,75,67,69,60,72,62,64,37,70,39,47,47,43,37,34,22,54,29,43,31,39,33,40,26,38,24,32,27,21,22,23,19,27,13,12,13,14,9,19,7,11,10,17,15,15,5,8,2,10,8,10,2,5,4,3,0,6,1,2,1,4,0,2,0,4,1,4,1,0,1,0,0,1,0,0,0,0,0,0,0,456,361,817,24,18,42,373,344,717,9741,11199,20940,Pak Nam
810102,กระบี่ใหญ่,51,52,66,56,69,60,76,69,112,108,85,106,111,106,104,112,98,98,105,106,101,95,91,98,85,82,88,74,76,84,59,81,83,73,78,66,69,72,92,80,62,69,73,91,72,73,56,76,81,81,70,78,65,66,50,85,79,78,64,79,61,76,61,96,58,77,73,89,90,110,82,90,63,112,80,106,74,108,78,105,89,103,95,91,88,129,82,94,82,105,67,98,66,93,85,94,78,84,68,75,62,89,70,82,67,82,75,75,55,64,66,71,60,72,63,69,52,53,51,53,47,56,37,69,47,48,33,42,30,38,29,34,27,33,30,30,25,28,22,28,18,22,13,10,10,13,26,21,10,11,8,19,10,12,8,13,13,8,11,19,6,17,5,17,4,9,4,14,8,10,4,6,6,7,4,7,2,8,5,7,1,2,0,3,2,0,2,0,0,0,0,1,1,2,0,0,0,0,0,1,0,1,0,0,0,0,0,0,0,0,10,5,15,4,1,5,5034,5771,10805,Krabi Yai
810103,กระบี่น้อย,129,134,138,127,155,125,136,150,140,150,151,110,143,124,120,127,139,120,147,120,139,119,140,118,127,110,103,86,131,102,119,118,122,124,126,127,128,101,130,158,130,119,133,115,100,130,113,124,145,147,126,140,113,152,116,124,149,147,132,128,131,150,154,147,119,163,161,131,131,169,137,120,146,140,134,155,134,154,154,137,137,126,118,134,129,161,117,138,120,123,134,139,117,135,123,115,118,122,112,108,125,140,104,119,122,100,123,114,88,102,93,111,80,90,84,109,77,89,51,102,62,56,63,63,63,87,51,55,42,63,45,41,33,51,45,43,38,45,28,41,30,25,25,22,19,22,19,33,19,29,21,20,21,23,21,24,23,29,22,29,17,22,9,25,14,19,22,11,7,17,4,24,7,13,8,19,3,8,7,13,3,5,3,6,5,7,3,2,1,1,0,2,1,1,1,0,0,0,0,3,0,1,0,0,0,0,0,2,0,2,19,18,37,9,0,9,8328,8637,16965,Krabi Noi
810105,เขาคราม,78,56,93,65,88,85,79,91,88,99,89,75,66,89,87,84,102,83,105,79,77,81,64,82,98,90,73,81,74,85,68,70,84,77,79,78,86,79,84,60,74,71,65,84,77,89,81,99,70,83,93,73,86,106,81,94,91,102,96,106,107,88,95,85,96,95,77,85,93,93,96,74,75,88,87,97,64,87,85,97,94,78,81,80,69,70,75,72,66,63,73,78,66,65,77,74,71,80,61,75,69,75,81,68,66,63,64,73,62,58,63,64,55,51,57,49,44,39,47,54,33,31,29,38,30,45,33,41,26,28,26,27,26,33,21,22,19,22,11,10,21,26,14,14,3,14,14,13,15,18,19,23,15,13,11,17,15,16,13,24,10,16,13,11,11,14,6,11,10,6,5,12,4,7,7,4,0,5,5,7,3,1,4,0,0,2,3,0,1,1,1,2,0,0,0,2,0,0,0,1,0,1,0,1,0,0,0,0,0,0,5,3,8,3,0,3,5177,5296,10473,Khao Khram
810106,เขาทอง,51,46,58,51,54,64,40,50,64,41,57,45,60,53,59,58,57,50,55,53,63,52,66,63,72,53,67,56,45,44,40,48,69,44,60,51,78,55,50,49,51,52,52,51,50,47,53,61,54,58,53,55,49,64,47,53,53,58,48,54,64,58,58,60,55,51,60,58,54,59,69,56,58,63,57,54,67,43,54,42,58,53,43,40,53,47,40,44,51,48,47,50,39,39,33,55,45,45,37,39,40,47,34,36,32,52,41,30,28,46,35,33,41,42,30,39,27,30,24,20,37,24,13,28,21,22,15,28,19,17,13,10,22,22,13,12,16,13,10,7,21,13,9,7,5,15,4,14,13,7,4,8,7,9,8,12,5,10,1,11,6,6,11,10,7,10,8,5,5,7,3,5,2,2,3,7,1,4,1,4,3,3,2,0,0,2,1,0,0,1,0,0,1,2,0,0,0,0,0,1,0,0,0,0,0,0,0,0,0,0,13,6,19,0,0,0,3372,3322,6694,Khao Thong
810111,ทับปริก,69,64,73,76,77,70,75,79,64,65,53,68,63,58,73,71,66,61,56,46,72,73,66,81,71,85,62,66,57,57,60,71,67,66,58,64,76,89,74,77,86,71,64,58,72,69,72,87,87,87,69,83,95,92,85,59,91,79,70,68,62,63,86,100,77,84,72,87,71,91,89,87,79,77,81,102,83,93,93,104,86,76,104,90,84,91,83,88,92,77,76,85,94,85,67,73,87,83,52,79,75,78,62,80,77,67,78,69,60,60,56,63,54,53,50,58,29,37,26,42,37,25,29,39,42,40,28,40,30,29,25,32,31,26,16,27,22,27,14,17,19,27,16,20,16,19,13,21,6,10,14,20,13,20,11,14,8,9,8,14,11,17,11,9,2,13,5,4,6,6,4,2,3,8,4,1,2,6,2,1,4,4,2,3,0,1,0,0,0,3,0,3,1,1,0,1,0,0,1,1,0,0,0,0,0,0,0,0,0,0,17,9,26,2,1,3,4783,5032,9815,Thap Prik
810115,ไสไทย,81,108,121,100,123,122,127,131,124,111,103,115,120,115,131,119,118,106,117,104,105,104,117,117,145,121,126,103,117,116,121,109,125,113,112,134,108,125,118,113,94,116,90,132,95,125,105,122,98,107,110,137,99,95,92,87,102,111,91,99,109,128,113,119,86,94,122,101,105,124,101,112,107,103,111,127,98,126,98,121,99,125,100,119,92,107,98,100,106,137,107,129,94,103,71,101,108,99,90,81,93,108,98,85,84,96,74,82,64,102,73,81,73,78,68,76,66,57,51,44,40,48,49,34,50,42,35,37,38,37,27,36,25,25,27,36,17,27,21,26,22,14,19,19,14,16,20,11,10,21,6,12,10,15,11,16,16,13,15,12,7,13,5,15,5,8,8,4,4,12,3,9,3,5,3,4,8,7,7,5,2,0,1,1,1,4,0,5,0,1,0,1,1,1,1,0,1,1,1,0,0,0,1,0,0,0,0,113,104,217,33,23,56,11,2,13,6785,7204,13989,Sai Thai
810116,อ่าวนาง,98,109,107,97,122,99,129,132,146,159,154,146,133,127,143,136,147,132,123,121,119,104,115,90,107,96,85,105,81,79,94,71,81,75,89,74,101,84,86,77,87,72,76,88,62,79,73,92,96,78,86,117,87,118,93,99,86,136,86,127,113,114,111,119,97,141,114,129,126,129,110,119,136,133,121,134,108,112,107,110,114,128,104,106,113,108,87,109,97,114,109,98,97,101,74,94,86,79,80,81,77,84,83,76,72,87,80,77,68,58,53,73,56,61,62,51,49,46,38,35,45,41,32,35,37,33,29,29,29,40,28,21,28,20,22,21,15,16,17,12,6,20,15,18,11,17,15,15,15,14,10,14,9,15,7,16,17,6,13,14,11,11,4,11,9,11,6,5,10,2,8,7,3,4,2,3,3,3,1,6,2,2,0,4,3,5,0,0,0,1,0,1,0,1,1,0,1,2,1,0,0,0,0,2,0,0,0,0,0,0,73,16,89,5,3,8,6377,6542,12919,Ao Nang
810117,หนองทะเล,74,70,86,77,88,77,80,61,92,65,69,65,63,78,63,72,71,95,73,85,90,88,95,96,87,76,78,75,72,83,80,71,99,77,71,61,99,80,74,73,80,75,71,86,84,66,135,84,108,80,106,82,90,90,96,75,95,88,87,73,79,71,92,96,69,76,78,72,104,97,72,88,106,97,97,89,89,85,89,74,77,80,67,80,76,76,85,81,57,83,81,82,70,77,66,59,49,80,66,58,74,72,62,65,68,65,49,68,46,53,55,62,52,60,51,52,44,39,34,48,39,36,27,30,44,30,38,38,25,29,33,33,13,15,20,33,16,24,24,24,11,17,9,9,12,11,9,19,6,12,10,20,13,11,10,14,12,20,11,17,11,15,12,8,7,8,8,12,7,8,6,5,1,2,9,10,3,8,4,8,2,1,1,4,1,1,1,4,1,1,0,1,1,0,0,3,0,1,0,2,0,0,0,1,0,0,0,0,0,0,16,12,28,3,0,3,5136,5066,10202,Nong Thale
810118,คลองประสงค์,36,45,56,42,63,54,54,65,64,51,53,35,47,42,60,50,44,51,57,45,60,44,47,50,49,43,43,41,54,47,53,49,43,44,39,32,54,55,50,46,36,46,46,41,40,40,37,53,35,64,49,59,55,44,65,52,50,50,51,49,41,44,48,44,42,39,46,37,44,56,41,35,44,51,42,44,40,42,34,33,35,41,46,42,33,36,36,35,30,35,34,38,35,33,34,30,27,29,20,29,34,42,30,25,31,32,28,34,33,29,22,16,21,30,32,20,16,22,17,12,11,13,18,19,12,28,15,9,11,20,7,15,16,17,17,13,14,13,5,6,10,11,7,10,4,11,5,5,3,4,12,16,7,7,8,4,7,4,9,10,4,6,1,5,1,4,5,6,1,4,4,3,7,3,1,2,0,3,1,6,1,3,1,1,0,0,0,0,0,0,1,0,0,1,0,1,0,0,0,0,0,0,0,0,0,0,0,0,0,0,2,3,5,2,0,2,2736,2750,5486,Khlong Prasong
810201,เขาพนม,49,43,40,61,58,59,60,54,43,47,52,51,50,42,65,43,48,43,55,44,50,47,44,43,48,48,47,37,58,43,41,40,55,52,57,48,36,40,61,56,60,57,56,64,46,35,50,69,69,55,60,59,62,45,65,56,54,60,64,64,67,73,74,56,63,51,54,59,62,60,60,59,64,63,62,56,53,65,64,58,64,54,52,64,66,42,49,69,52,55,62,56,44,47,68,54,50,48,42,57,44,49,51,52,51,43,36,45,39,40,49,36,46,39,38,49,28,40,32,25,19,20,20,32,21,29,22,23,21,21,25,21,15,18,12,23,14,17,10,14,14,17,13,8,8,9,13,13,8,14,8,16,13,9,6,13,8,6,17,14,11,14,6,7,7,11,5,12,7,6,5,2,3,3,4,4,2,5,0,1,0,4,2,3,1,1,1,1,1,1,1,1,1,0,2,0,1,0,1,1,0,0,0,1,0,0,0,20,20,40,14,19,33,2,0,2,3573,3523,7096,Khao Phanom
810201,เขาพนม,26,21,34,34,59,47,56,57,75,71,68,55,51,55,52,48,49,52,49,53,42,37,44,45,38,38,37,42,34,31,37,37,35,35,35,37,39,39,47,24,42,42,29,28,30,39,43,38,35,31,36,47,29,40,37,47,34,42,37,32,44,48,28,56,43,50,38,41,52,49,37,48,50,52,40,40,44,58,41,44,42,55,55,32,35,47,44,47,52,44,39,50,45,36,38,42,37,53,30,40,33,28,42,36,30,41,21,34,36,26,21,29,34,27,29,37,21,25,16,25,9,20,16,13,10,19,18,15,15,22,10,10,12,10,17,22,14,9,8,13,9,6,7,7,16,6,6,10,7,11,8,7,3,8,2,6,4,8,3,7,6,5,4,5,5,6,6,3,0,9,1,4,0,1,6,4,1,3,0,3,2,1,0,2,2,2,1,2,0,0,0,0,0,0,0,0,0,0,0,0,0,0,0,1,0,0,0,21,24,45,42,29,71,29,33,62,2696,2850,5546,Khao Phanom
810202,เขาดิน,53,39,68,62,63,57,78,59,75,58,72,71,64,55,82,72,65,75,84,76,62,62,68,66,71,58,64,62,68,51,50,64,55,72,50,71,88,88,62,74,66,51,71,78,56,60,67,59,67,65,67,77,77,71,79,79,57,69,62,74,78,72,61,71,89,78,69,62,77,96,68,75,58,68,71,97,57,60,89,76,80,68,79,75,82,73,64,79,81,59,92,89,71,54,61,60,82,65,66,58,61,57,59,55,43,53,48,55,45,43,44,44,39,49,41,40,46,40,37,35,25,27,23,27,32,36,29,29,22,37,25,32,18,28,17,27,20,26,17,22,21,20,14,13,4,14,17,19,10,13,10,14,9,9,13,13,8,14,7,14,4,8,12,10,6,15,10,6,3,6,3,5,3,6,3,4,0,7,2,2,1,4,5,5,1,2,0,2,1,1,1,1,1,0,0,1,0,0,0,0,0,0,0,1,0,0,0,0,0,0,3,10,13,5,4,9,4354,4415,8769,Khao Din
810203,สินปุน,49,58,63,79,71,72,77,78,92,72,83,73,86,62,79,81,74,83,85,64,59,63,81,78,56,81,69,68,56,64,78,59,72,59,85,70,68,73,80,82,73,83,68,96,55,74,69,75,76,80,84,76,87,86,85,81,72,83,80,78,91,75,68,96,90,81,72,76,84,69,68,61,85,80,88,82,62,78,96,83,88,68,78,70,65,80,83,78,73,79,94,87,61,56,69,67,71,67,49,49,55,72,54,48,67,51,57,55,43,35,43,49,39,44,43,35,34,40,30,28,26,26,18,24,17,28,16,25,29,31,24,28,18,17,18,28,13,22,18,14,14,23,19,21,18,19,18,17,15,15,9,13,8,17,5,11,11,17,10,3,15,13,10,11,9,8,6,6,8,8,2,8,1,9,4,4,5,6,1,2,0,1,3,0,2,2,2,0,1,1,0,0,0,1,2,0,0,1,0,0,0,0,0,1,0,0,0,0,0,0,2,1,3,5,0,5,4614,4652,9266,Sin Pun
810204,พรุเตียว,54,62,63,74,60,58,70,65,69,71,72,61,58,70,73,64,75,64,82,72,73,76,81,62,67,68,70,68,56,50,71,58,60,68,73,52,70,71,86,68,69,68,58,77,79,69,66,65,66,64,71,81,73,67,91,92,73,77,73,84,75,75,75,85,90,56,84,88,86,84,74,59,81,57,82,73,82,79,102,78,63,85,68,81,73,71,76,70,86,66,74,82,63,56,62,61,75,59,65,71,63,74,56,58,54,56,72,48,47,42,49,43,49,36,37,57,27,30,30,37,30,23,21,26,33,27,24,29,21,31,28,27,23,28,22,20,26,14,11,19,13,25,10,13,17,11,6,20,10,13,16,13,6,16,12,14,11,15,10,8,6,12,7,8,7,11,10,4,5,5,3,4,6,8,6,7,1,8,7,1,2,1,2,2,0,3,0,0,0,0,0,1,0,1,0,0,0,0,1,0,0,0,0,1,0,0,0,0,0,0,4,7,11,4,0,4,4543,4439,8982,Phru Tiao
810205,หน้าเขา,70,62,92,83,80,81,82,77,71,88,82,85,75,70,85,68,90,75,92,79,88,72,81,81,66,60,82,72,69,70,91,71,89,81,100,86,75,68,76,67,84,75,80,87,65,83,89,67,75,82,74,76,84,84,82,93,70,76,81,60,84,94,65,67,73,76,86,75,67,75,70,59,73,65,70,86,64,79,84,74,78,79,68,86,69,73,76,62,84,73,80,80,78,61,67,59,78,66,53,62,58,64,59,60,47,57,45,43,43,39,45,44,45,43,37,35,33,38,30,32,27,20,20,24,31,48,26,22,27,27,23,24,25,24,24,21,13,22,14,13,16,17,15,24,8,11,14,17,12,9,16,17,19,11,6,13,5,12,12,10,6,14,4,6,4,6,8,6,2,9,5,9,3,5,4,3,4,2,2,6,2,1,0,1,1,3,1,1,3,2,2,1,2,0,1,1,0,1,0,1,0,1,0,0,0,0,0,0,0,0,15,12,27,3,1,4,4754,4663,9417,Na Khao
810206,โคกหาร,38,30,44,39,49,48,54,46,43,54,37,44,33,48,46,30,51,46,56,36,44,46,41,39,37,41,42,49,41,31,43,42,47,52,42,43,51,51,40,40,49,48,50,42,41,58,49,53,64,68,44,53,58,43,47,48,46,50,50,48,50,58,37,49,49,56,37,37,59,67,48,36,54,42,61,51,39,41,47,69,56,53,53,29,42,60,62,44,62,55,54,54,51,48,48,53,49,44,48,30,45,27,40,40,36,36,37,31,37,27,26,21,30,20,31,24,19,24,19,17,16,22,12,23,11,15,16,11,9,11,7,20,12,14,9,19,19,15,13,11,14,17,7,12,11,20,9,5,12,10,6,8,10,8,4,6,8,10,5,3,4,2,3,9,6,7,2,4,3,8,3,7,2,3,4,3,0,4,0,1,0,0,0,1,0,0,1,3,0,1,0,1,0,1,0,0,0,0,1,0,0,0,0,0,0,0,0,0,0,0,5,6,11,2,1,3,2949,2931,5880,Khok Han
810301,เกาะลันตาใหญ่,43,57,76,81,68,68,62,47,67,63,71,72,62,62,76,51,57,80,71,79,63,63,62,51,73,64,58,59,43,50,44,34,44,53,38,51,53,46,48,38,59,49,32,47,45,32,43,50,45,52,55,50,58,57,55,50,60,47,60,52,58,57,57,51,55,48,53,61,67,60,57,67,55,51,50,59,41,59,66,51,53,55,48,34,55,45,38,32,44,39,37,58,35,34,47,30,39,40,37,38,26,35,35,35,24,40,30,29,23,28,34,30,21,29,23,26,26,37,25,25,19,20,15,11,14,14,27,13,17,20,13,12,7,22,14,9,13,15,6,6,8,8,3,3,10,5,14,5,6,2,6,2,6,7,2,7,1,9,6,3,1,8,5,4,4,4,4,5,4,5,2,1,1,2,2,2,1,1,0,2,1,1,1,1,0,2,0,0,1,0,0,1,0,1,0,0,0,0,0,0,0,1,0,1,0,0,0,0,0,0,5,7,12,1,2,3,3190,3182,6372,Ko Lanta Yai
810301,เกาะลันตาใหญ่,5,4,9,8,8,14,6,8,10,9,8,10,11,13,8,10,9,9,4,9,10,7,11,9,8,9,7,6,9,5,3,6,3,5,4,4,7,6,3,9,9,8,2,8,7,10,9,5,5,9,8,6,9,11,12,11,7,12,11,11,8,12,10,14,9,13,19,10,6,8,8,10,13,22,12,7,7,8,11,10,9,10,12,7,8,9,8,9,8,12,5,5,10,7,10,10,10,5,11,9,8,12,8,5,8,5,9,8,7,8,4,10,6,6,4,4,8,8,3,8,5,4,7,10,6,7,4,8,6,6,3,2,3,4,6,3,3,2,3,6,4,2,1,0,2,2,2,4,0,4,1,2,1,3,3,0,3,7,0,2,1,0,5,3,0,4,1,2,2,4,4,1,1,2,2,2,1,0,0,0,1,0,2,2,0,1,0,0,0,2,0,0,0,0,0,0,0,0,0,0,0,0,0,1,0,0,0,0,1,1,0,0,0,2,0,2,566,625,1191,Ko Lanta Yai
810302,เกาะลันตาน้อย,38,45,47,36,49,47,61,45,58,61,46,39,35,47,63,50,64,51,49,65,55,43,53,58,47,53,60,46,54,43,44,48,58,52,39,38,42,40,32,35,46,42,38,46,24,39,45,44,49,53,50,43,48,49,62,52,47,46,57,54,79,51,56,53,60,57,57,48,60,44,70,51,53,55,49,52,30,33,73,67,42,44,50,61,28,33,41,32,35,40,31,26,42,43,41,26,44,38,30,21,27,32,38,35,25,42,33,27,27,23,27,30,25,25,29,14,17,26,21,29,14,10,16,11,23,20,19,24,21,17,18,15,15,14,20,18,10,7,9,11,8,9,8,6,7,2,11,8,5,7,5,6,6,7,3,9,4,5,2,7,6,7,1,10,7,8,3,5,2,6,3,9,2,5,3,0,1,8,1,2,2,2,1,1,1,1,1,1,0,2,0,1,1,1,0,0,0,0,0,0,0,0,0,0,0,0,0,29,22,51,6,9,15,10,2,12,3004,2883,5887,Ko Lanta Noi
810303,เกาะกลาง,53,76,63,63,64,60,82,59,72,64,65,58,70,69,75,62,67,72,93,58,63,61,65,83,63,62,58,69,63,67,65,64,66,57,53,75,61,49,63,57,61,75,62,61,55,40,74,67,61,63,77,62,86,63,96,74,75,78,63,78,95,76,67,75,68,82,65,58,82,65,74,76,72,69,71,73,53,67,63,68,64,44,61,71,60,50,62,60,54,62,63,72,50,48,60,39,73,54,44,43,41,62,54,51,39,47,36,48,44,59,42,42,51,49,40,39,33,30,30,35,26,21,17,20,28,42,36,31,28,26,27,23,18,17,24,24,25,19,18,14,12,15,10,15,14,13,9,6,22,16,11,17,7,13,10,11,9,8,12,13,9,8,14,14,10,8,5,10,6,5,1,4,6,8,3,5,2,4,1,2,4,1,5,5,0,2,2,1,0,1,1,0,0,0,1,0,1,2,0,2,0,0,0,0,0,0,0,0,0,0,3,2,5,9,1,10,4191,4109,8300,Ko Klang
810304,คลองยาง,31,39,44,38,48,42,55,46,61,51,50,58,50,43,50,64,61,51,56,48,53,47,55,54,64,45,46,54,45,52,51,44,44,43,51,40,57,48,64,43,54,46,51,52,41,46,37,41,51,39,67,49,67,63,58,63,53,57,52,51,65,60,60,45,48,49,64,44,58,44,53,59,58,48,47,54,44,44,48,41,54,46,42,35,37,42,33,41,47,43,52,51,32,34,40,31,48,37,32,25,34,30,28,37,29,30,40,36,39,40,26,24,19,36,23,33,28,27,19,24,20,18,20,19,23,32,24,15,18,15,13,22,24,16,15,16,8,5,14,6,13,12,1,6,15,7,11,12,4,8,5,8,9,11,7,6,5,3,8,11,13,9,8,5,3,9,8,3,1,11,8,8,8,2,3,0,2,3,1,0,3,1,1,4,0,0,2,1,0,2,0,1,1,1,0,0,0,0,0,1,0,1,0,1,0,0,0,0,0,0,1,2,3,5,1,6,3139,2961,6100,Khlong Yang
810305,ศาลาด่าน,63,50,50,51,52,59,74,56,74,49,75,62,66,64,72,73,60,60,70,62,77,56,40,48,45,50,58,57,38,52,39,46,49,49,40,40,49,45,28,39,38,41,37,44,31,47,48,47,51,56,49,43,52,59,55,58,59,57,57,59,43,59,65,48,71,68,70,51,65,65,59,63,70,65,68,67,76,56,70,53,52,59,56,65,61,51,49,44,51,52,40,47,40,36,31,51,43,36,31,36,48,50,31,35,47,30,33,38,27,31,29,29,21,26,24,21,23,26,25,20,19,15,24,11,22,17,19,15,11,19,12,16,7,12,9,13,15,14,11,16,6,4,10,4,8,4,6,3,4,7,6,4,6,8,7,5,9,2,6,7,0,0,1,4,3,10,2,4,3,5,5,5,3,4,0,2,1,2,2,5,0,3,0,1,0,2,0,1,0,0,0,0,0,0,1,0,0,0,0,0,0,0,0,0,0,0,0,0,0,0,20,3,23,5,5,10,3278,3209,6487,Sala Dan
810401,คลองท่อมใต้,59,61,81,61,80,68,66,64,64,52,73,61,50,45,74,52,51,57,54,53,56,47,62,60,51,69,74,57,50,57,84,60,58,64,72,56,74,68,84,82,80,60,137,82,229,61,129,64,80,63,134,65,94,79,89,74,84,77,82,64,83,88,77,64,67,72,77,72,77,68,69,66,76,63,88,64,69,67,57,81,67,59,56,58,67,55,54,59,55,66,47,55,51,63,55,50,53,60,61,60,60,63,61,59,55,56,65,61,54,54,53,50,70,47,53,39,39,37,48,40,24,54,33,43,28,25,22,28,21,30,23,25,15,23,17,15,19,10,19,23,7,13,11,13,11,19,13,15,13,8,12,12,9,16,9,9,11,6,10,15,2,9,12,13,5,11,4,6,11,7,5,5,6,5,6,2,1,4,2,5,1,1,1,3,0,1,2,1,0,0,1,0,1,0,0,0,0,0,0,0,0,0,0,0,0,0,0,105,62,167,21,31,52,99,19,118,4931,4266,9197,Khlong Thom Tai
810401,คลองท่อมใต้,11,14,13,14,11,26,33,34,69,55,71,74,75,79,73,73,75,56,72,47,81,51,67,63,49,40,32,39,31,25,20,33,21,18,16,14,17,17,17,21,27,17,19,20,17,20,19,23,32,22,28,19,20,22,25,25,20,21,14,19,11,29,19,24,23,29,22,24,11,28,23,31,26,34,16,32,24,28,22,28,23,26,22,27,27,23,21,27,28,12,25,21,16,26,29,16,24,16,28,28,17,20,18,22,17,27,13,15,25,19,15,30,10,31,20,13,26,25,17,22,16,24,19,21,17,21,10,17,11,17,10,8,3,16,8,13,13,10,10,7,5,4,7,8,3,3,3,4,6,9,2,3,3,11,7,7,3,9,2,4,4,6,5,4,3,5,4,6,1,6,4,2,2,4,0,2,2,3,1,0,0,3,3,0,1,1,1,1,0,0,0,2,0,1,0,1,1,1,1,0,0,0,0,0,0,0,0,6,1,7,0,0,0,3,1,4,1893,2000,3893,Khlong Thom Tai
810402,คลองท่อมเหนือ,60,47,52,63,60,51,58,46,54,54,50,53,55,47,52,49,50,47,47,63,47,38,42,46,57,46,45,53,45,48,50,42,44,47,53,54,51,54,55,55,58,53,42,47,41,56,47,48,44,54,56,62,67,55,46,72,65,53,53,70,46,38,57,57,51,60,70,58,59,49,59,51,71,55,51,42,51,57,66,58,48,61,60,54,52,59,44,50,60,49,48,57,58,41,55,57,51,52,47,44,43,45,41,36,40,31,41,33,33,28,32,24,30,28,35,23,16,24,20,14,29,22,13,22,13,17,18,17,15,17,15,10,16,19,10,16,11,14,15,13,10,8,8,8,13,14,8,11,10,4,7,12,5,13,6,8,5,7,8,6,7,6,10,12,5,4,3,6,2,3,1,2,3,4,6,1,0,3,2,4,0,0,0,1,1,3,2,0,0,0,1,0,0,0,0,0,1,1,0,0,1,0,0,0,0,0,0,0,0,0,0,4,4,1,1,2,3262,3221,6483,Khlong Thom Nuea
810403,คลองพน,136,119,139,122,129,123,130,130,129,130,146,106,120,111,134,138,134,142,153,140,170,142,163,145,181,143,133,111,141,132,133,99,159,115,136,152,133,139,164,140,136,154,135,159,107,121,152,153,147,138,133,144,138,164,123,146,167,149,147,137,138,141,147,151,164,135,154,145,169,134,142,139,138,152,133,132,125,121,134,159,104,111,125,142,119,106,125,121,121,132,116,124,120,114,100,101,115,146,113,84,91,94,101,109,98,101,100,104,97,108,99,79,98,91,54,59,67,70,77,82,59,59,50,71,53,57,47,57,37,47,37,40,42,38,26,31,33,36,35,28,22,30,25,26,20,19,18,17,18,32,22,28,16,26,25,21,20,26,21,26,10,19,9,21,14,17,24,10,12,19,10,11,9,13,4,9,3,11,5,9,6,3,4,3,1,1,1,4,0,0,2,0,2,1,1,2,0,1,2,1,0,1,0,0,0,0,0,0,0,0,1,8,9,8,1,9,8486,8411,16897,Khlong Phon
810403,คลองพน,14,9,13,26,23,12,25,25,47,36,31,35,38,33,31,38,28,27,16,27,17,28,22,17,22,13,15,20,18,23,16,15,15,11,19,13,15,14,11,16,23,21,23,14,18,29,22,22,19,23,26,22,23,20,14,10,24,23,12,16,23,13,22,29,26,17,19,15,24,17,26,21,22,20,22,16,22,18,16,24,17,30,26,20,20,25,20,26,16,28,20,25,20,20,17,27,18,36,23,20,17,15,19,20,22,22,16,20,23,21,15,20,15,19,17,15,24,33,19,11,15,15,16,16,10,19,19,17,10,15,7,13,10,13,10,12,10,8,8,8,5,6,5,4,5,7,8,6,7,5,6,2,5,4,2,10,6,5,4,5,3,6,5,6,4,2,3,5,2,2,0,2,3,4,3,2,2,2,1,1,0,2,0,1,1,2,0,1,0,0,0,1,2,0,0,0,0,0,0,1,0,0,0,0,0,0,0,9,6,15,0,1,1,0,0,0,1452,1518,2970,Khlong Phon
810404,ทรายขาว,63,82,97,86,84,76,91,78,85,89,75,79,105,102,89,91,94,94,83,90,98,75,93,100,85,83,91,73,101,88,89,81,92,95,93,81,96,79,83,112,109,104,85,92,75,71,95,96,82,87,102,91,85,102,107,89,100,100,93,82,107,101,85,77,81,69,87,92,88,89,84,78,86,79,79,64,82,76,80,80,74,74,62,80,77,92,67,71,77,70,83,78,71,81,69,72,59,73,74,76,70,63,73,70,52,53,66,78,66,61,71,57,53,65,42,46,49,55,42,43,39,42,33,38,31,44,31,38,28,36,24,31,35,29,27,33,17,24,18,19,14,18,16,12,12,11,8,14,10,21,14,17,14,21,11,15,11,14,15,16,10,15,11,11,10,10,8,7,6,7,4,9,5,8,3,6,3,7,2,1,4,2,1,3,1,1,2,1,1,0,1,1,0,0,1,0,0,2,1,1,0,0,0,0,0,0,0,0,0,0,7,9,16,2,0,2,5367,5405,10772,Sai Khao
810405,ห้วยน้ำขาว,64,69,81,64,87,77,90,71,99,76,70,70,84,63,98,91,90,74,87,78,95,80,74,86,75,79,95,63,82,61,76,59,92,69,86,72,92,68,80,78,75,90,73,73,54,59,67,69,67,77,64,76,77,85,71,72,74,75,84,93,76,79,93,88,76,87,90,83,76,88,89,88,95,82,79,68,73,58,81,64,65,73,63,80,87,72,68,74,63,68,96,85,59,68,64,57,61,65,56,53,57,65,54,54,53,51,44,49,53,68,49,53,47,56,57,52,43,47,34,39,36,39,46,37,34,33,28,38,31,36,29,35,22,22,20,23,26,18,12,25,14,17,15,15,10,11,16,15,12,12,10,8,10,13,11,12,14,12,11,12,5,11,8,10,5,8,5,11,10,8,7,7,3,5,6,6,3,5,3,5,2,4,5,2,2,1,3,1,1,1,0,0,0,2,1,3,1,1,1,1,1,1,0,0,0,0,0,0,0,0,5,7,12,5,1,6,4893,4765,9658,Huai Nam Khao
810406,พรุดินนา,78,64,56,83,63,71,94,77,91,67,85,82,78,68,97,83,83,70,63,87,75,76,87,80,69,69,82,72,82,66,90,64,74,81,67,67,96,87,76,89,80,102,78,84,70,92,88,83,79,96,104,90,91,104,100,87,93,84,87,79,99,116,103,85,88,90,82,91,107,77,86,93,92,82,88,99,70,83,81,75,78,90,79,94,89,84,67,82,62,82,85,80,95,63,85,79,80,90,75,77,73,67,77,70,63,61,57,69,56,61,76,44,55,59,42,70,53,53,41,49,43,40,34,47,32,41,26,33,24,36,37,51,16,28,26,26,23,22,14,19,15,19,17,19,16,14,21,21,11,17,15,20,11,16,15,13,14,15,19,25,8,11,14,17,10,14,4,12,3,16,8,11,5,10,12,7,3,5,3,8,2,4,3,4,0,2,2,0,1,2,1,1,0,2,0,0,0,0,0,0,1,0,1,0,0,0,0,0,0,0,6,2,8,2,5,7,5258,5374,10632,Phru Din Na
810407,เพหลา,33,35,59,40,58,40,40,37,42,38,48,39,45,35,47,51,34,58,43,38,45,45,62,41,42,46,38,38,37,32,37,31,42,34,51,45,45,45,55,54,60,58,37,47,54,50,48,62,48,61,63,70,59,57,49,50,63,51,62,58,50,51,55,63,63,51,61,58,54,38,55,53,50,74,70,51,47,63,55,58,75,43,55,65,56,42,61,58,45,44,53,44,42,43,55,40,40,52,47,46,34,36,45,35,37,38,41,37,34,43,26,35,26,37,24,37,22,19,28,32,20,21,31,18,26,20,15,23,21,22,16,20,12,14,9,23,12,14,15,10,10,9,7,7,8,12,11,11,9,8,5,8,10,9,10,11,11,12,5,10,6,10,4,8,5,9,7,3,3,3,3,5,3,3,2,5,8,8,3,0,0,1,4,4,1,1,0,0,0,2,0,3,0,0,0,0,0,0,0,1,0,0,0,0,0,0,0,0,0,0,6,5,11,1,0,1,3171,3125,6296,Phela
810501,อ่าวลึกใต้,37,35,36,38,38,24,37,32,33,35,38,30,48,49,37,37,32,40,30,45,56,30,32,38,39,37,32,34,29,39,47,34,35,36,37,39,38,43,47,46,41,46,34,43,35,42,35,38,38,42,37,31,46,42,32,42,44,33,30,43,48,29,40,44,34,45,38,39,52,47,37,42,44,54,43,34,41,27,40,31,48,42,40,41,45,51,35,47,44,54,29,38,45,33,40,38,40,42,39,43,33,36,33,35,39,53,31,41,35,40,27,34,34,35,28,34,29,23,28,23,17,13,15,17,21,19,13,16,12,18,14,21,11,19,12,16,11,8,17,22,11,11,7,7,8,6,12,11,6,11,6,15,9,12,10,9,8,11,3,8,5,14,5,10,7,5,5,8,7,5,3,4,3,3,0,4,1,3,2,4,0,2,0,1,0,2,1,1,0,1,1,1,0,2,1,0,0,0,0,0,0,0,0,0,0,0,0,186,129,315,2,2,4,2,0,2,2723,2789,5512,Ao Luek Tai
810501,อ่าวลึกใต้,24,17,24,21,29,33,30,38,46,21,18,18,33,29,30,34,33,28,34,27,33,38,51,33,32,38,37,36,49,30,32,31,36,40,32,35,38,21,31,36,36,27,25,40,39,32,26,45,28,35,34,40,39,47,40,28,26,25,34,48,22,29,31,38,33,18,37,32,27,40,38,35,36,48,33,34,42,34,39,48,40,36,35,30,46,41,37,39,41,55,37,46,32,34,30,35,42,35,35,38,31,42,36,34,31,57,35,48,40,26,28,43,30,34,33,36,29,34,15,39,23,29,27,28,23,34,24,20,21,22,23,19,16,19,16,20,19,14,9,17,15,14,10,9,10,16,3,9,6,11,9,8,5,6,7,9,5,16,3,7,6,11,9,9,4,9,6,10,3,9,4,4,2,11,2,2,6,2,3,4,2,2,0,1,2,0,4,1,1,1,1,1,0,0,0,1,0,0,0,1,0,0,0,0,0,0,0,24,17,41,3,5,8,51,41,92,2427,2578,5005,Ao Luek Tai
810502,แหลมสัก,12,8,17,17,16,18,7,12,13,19,16,14,15,10,16,16,20,11,23,19,14,17,22,16,8,17,25,13,18,13,14,10,23,18,13,17,19,20,17,27,21,15,16,19,11,16,9,14,15,17,17,11,16,17,21,30,16,12,13,12,26,19,24,17,18,29,18,16,25,25,25,18,20,17,22,23,17,19,23,23,19,17,23,21,21,20,21,26,28,25,16,13,18,15,18,10,21,18,10,15,28,23,19,19,20,15,13,16,13,19,13,22,16,14,15,9,12,12,14,11,13,10,3,17,9,11,7,9,10,11,7,10,5,6,4,11,11,3,9,8,4,6,8,7,4,7,3,3,6,4,2,2,4,2,1,8,3,2,5,4,3,6,2,1,2,3,2,5,2,2,0,1,1,0,3,3,0,1,0,0,2,1,0,1,1,1,0,0,0,1,0,0,0,0,0,0,0,0,0,0,0,0,0,0,0,0,0,0,0,0,1,0,1,2,0,2,1198,1188,2386,Laem Sak
810502,แหลมสัก,33,23,28,18,45,26,47,29,40,44,42,42,35,38,32,29,35,22,34,33,24,27,34,27,22,29,30,33,35,32,35,21,25,21,21,29,39,19,32,35,32,34,39,25,24,28,31,38,30,24,29,34,30,37,26,29,34,38,25,32,34,40,34,32,29,24,26,28,28,29,38,19,42,33,36,39,32,30,31,40,38,36,38,30,30,22,23,29,23,20,17,18,26,21,24,29,27,30,24,30,29,35,34,33,22,19,24,16,22,21,28,17,20,17,22,23,16,27,16,18,16,19,16,27,13,23,18,22,18,11,7,15,10,16,14,17,10,14,9,10,3,15,6,7,6,7,7,9,6,8,10,2,9,5,7,9,7,6,7,10,4,10,6,1,4,9,7,5,1,5,3,5,2,3,2,5,4,4,2,2,2,1,1,0,0,2,1,3,0,0,1,0,1,1,2,0,0,0,0,1,0,1,0,0,0,0,0,14,11,25,0,1,1,4,0,4,2061,2023,4084,Laem Sak
810503,นาเหนือ,29,22,31,30,38,26,30,34,33,27,17,30,41,26,34,30,26,36,35,29,39,25,33,32,33,26,26,36,20,20,43,42,36,31,51,29,37,34,36,28,38,37,22,24,25,34,29,43,32,36,28,37,28,48,32,37,38,27,23,35,62,31,33,48,40,36,44,38,32,36,42,44,44,40,31,28,33,39,52,44,42,36,36,36,42,54,37,36,52,41,44,34,32,46,40,41,51,33,46,33,32,36,28,44,34,29,34,44,34,30,31,38,38,26,30,36,27,30,33,26,23,27,17,15,18,33,23,23,13,22,20,21,14,19,15,13,11,12,14,14,12,9,9,21,9,12,12,11,9,9,9,15,10,11,7,11,12,11,7,14,6,10,6,10,7,13,3,12,7,10,8,7,12,6,7,3,1,7,5,3,3,6,1,5,1,3,1,1,1,3,1,1,0,1,1,0,1,0,0,0,0,0,0,0,0,0,0,0,0,0,1,3,4,1,0,1,2457,2491,4948,Na Nuea
810504,คลองหิน,61,48,70,57,58,73,59,53,80,77,61,64,61,65,74,61,76,68,66,70,53,75,74,50,61,66,60,54,49,39,43,67,41,52,50,39,57,61,48,48,45,60,42,63,26,48,52,56,56,61,54,58,57,55,55,62,60,61,55,62,66,67,59,58,57,54,56,57,62,54,72,62,67,57,50,60,52,50,51,61,42,54,48,44,52,45,58,39,51,46,40,37,52,47,46,39,45,50,38,36,44,40,38,41,41,42,41,41,27,40,41,39,34,26,39,31,15,31,42,24,19,12,14,22,23,20,20,24,14,20,16,21,13,18,24,16,21,19,10,15,11,10,8,11,8,7,15,10,9,5,10,15,9,12,14,12,12,10,7,8,10,7,6,6,6,8,3,9,6,6,5,4,2,4,4,6,3,3,1,0,0,1,2,2,0,1,3,2,2,1,0,2,0,0,1,0,1,0,0,0,0,1,0,0,0,0,0,0,0,0,2,3,5,2,1,3,3466,3499,6965,Khlong Hin
810505,อ่าวลึกน้อย,41,44,49,55,58,64,60,62,61,52,61,68,54,40,71,49,57,57,57,61,57,66,47,56,62,52,64,52,45,43,62,50,53,48,73,59,46,59,43,61,50,53,58,39,49,45,63,60,46,53,55,45,42,57,49,57,59,56,55,56,59,57,43,55,64,51,47,54,44,48,64,48,80,58,51,50,54,47,41,47,50,39,46,34,50,41,47,44,40,50,36,43,41,42,34,39,39,36,37,52,41,33,39,41,39,30,34,32,33,40,32,37,28,49,30,37,30,20,24,23,15,26,14,16,25,16,16,17,12,17,17,21,10,21,17,9,15,17,7,16,8,13,15,10,7,10,9,5,9,6,8,14,4,8,7,8,9,8,9,10,9,9,8,8,6,6,6,6,3,6,2,6,7,0,3,5,2,4,1,4,0,1,2,2,0,2,0,1,0,2,0,1,0,0,0,1,1,0,0,0,0,0,0,3,0,0,0,0,0,0,3,3,6,1,0,1,3231,3234,6465,Ao Luek Noi
810506,อ่าวลึกเหนือ,32,46,42,48,41,44,41,43,48,37,46,39,42,35,50,60,44,52,44,46,44,26,49,37,48,40,39,47,53,53,44,47,56,54,61,45,66,69,69,47,57,57,47,63,47,50,50,46,47,40,63,52,61,60,43,61,45,51,52,42,53,59,54,56,55,56,48,48,55,53,56,57,52,57,56,51,60,55,52,61,59,63,65,49,58,46,44,66,58,57,63,43,46,45,52,47,66,60,45,49,47,56,55,38,49,44,34,39,51,35,42,43,46,39,24,47,33,31,26,28,15,22,18,23,35,35,32,19,22,27,18,21,21,21,16,18,21,17,12,21,14,18,8,18,6,13,12,15,10,7,10,16,8,13,13,13,14,12,8,8,4,13,9,9,6,13,5,3,6,6,2,7,0,3,3,10,4,4,4,6,1,0,2,4,3,2,1,2,0,2,0,0,1,0,0,1,0,0,0,0,0,0,0,0,0,0,0,0,0,0,2,0,2,2,0,2,3343,3357,6700,Ao Luek Nuea
810506,อ่าวลึกเหนือ,3,3,2,6,0,1,5,4,7,3,3,4,3,4,1,6,4,8,2,3,9,4,3,8,7,5,5,6,5,3,7,5,7,4,4,8,4,3,13,5,11,2,3,10,7,12,2,11,5,8,2,7,5,5,3,5,5,6,6,5,8,8,6,5,3,3,6,6,3,1,8,4,4,2,6,5,10,6,9,4,3,7,5,4,6,9,7,10,3,4,5,8,4,1,7,8,6,7,5,9,3,1,7,3,8,9,5,3,4,14,3,8,4,7,4,5,5,8,6,7,2,3,6,4,6,2,4,3,0,3,3,2,1,2,2,1,0,3,2,3,0,2,2,3,0,2,1,4,0,2,0,0,1,3,3,1,2,4,1,4,1,1,1,1,1,0,0,2,0,2,0,1,0,3,0,1,1,1,0,0,0,0,1,0,0,0,0,0,1,0,0,2,0,1,0,0,0,0,0,0,0,0,0,0,0,0,0,0,0,0,1,1,2,0,0,0,349,407,756,Ao Luek Nuea
810507,เขาใหญ่,19,27,32,24,31,25,35,28,47,34,30,33,37,20,36,19,27,27,31,30,32,26,26,27,28,32,37,26,29,25,30,17,23,28,36,39,39,32,33,29,31,24,30,27,32,39,30,28,25,34,35,36,30,28,35,31,37,25,29,34,30,54,41,26,32,37,32,33,30,35,30,31,44,36,32,25,32,33,35,31,30,36,32,35,31,48,29,32,33,44,34,30,35,35,28,29,38,36,34,53,24,43,31,30,33,35,31,33,31,29,29,31,28,29,24,25,24,20,22,19,15,22,15,22,24,21,19,18,9,16,12,15,16,10,12,11,10,14,12,12,15,8,7,13,15,6,7,9,10,6,4,13,8,8,7,3,3,15,3,5,5,6,7,12,6,8,3,2,5,5,6,7,2,11,6,2,4,2,5,2,2,1,0,2,0,1,0,0,2,1,0,1,0,0,0,0,0,0,0,0,0,0,0,0,0,0,0,0,0,0,1,3,4,2,0,2,2170,2180,4350,Khao Yai
810508,คลองยา,25,17,33,28,34,33,25,26,35,28,37,31,33,28,43,32,40,28,31,29,32,32,26,30,25,24,23,26,36,31,28,36,21,29,28,19,32,26,28,22,42,28,24,30,23,36,28,19,15,33,29,29,30,33,35,33,36,28,34,33,42,45,34,31,29,37,22,32,38,36,37,29,35,43,28,25,34,31,32,40,40,42,34,18,30,33,33,26,30,33,30,27,29,35,23,27,30,25,14,11,38,25,23,27,27,22,23,20,21,19,20,16,17,25,12,12,22,19,18,16,11,12,8,23,12,17,8,10,14,13,11,17,8,8,5,10,10,12,11,7,7,11,8,9,10,13,12,6,5,8,4,7,15,6,2,8,4,5,10,4,7,7,4,6,2,3,3,6,5,3,7,4,3,2,2,2,4,2,0,2,1,2,1,0,2,1,2,0,0,0,0,1,0,0,0,0,0,0,1,0,0,0,0,0,0,0,0,0,0,0,3,2,5,2,0,2,1980,1933,3913,Khlong Ya
810509,บ้านกลาง,42,33,47,47,43,42,48,46,42,32,37,48,58,40,47,41,44,44,54,49,40,41,44,46,31,40,37,34,42,46,51,38,34,40,34,39,34,43,44,37,55,45,42,36,32,28,46,41,38,42,37,38,34,43,46,39,34,44,51,45,55,48,49,46,43,49,32,46,32,40,52,54,41,38,35,38,32,30,57,35,28,39,23,38,39,36,33,35,23,35,42,36,39,39,31,34,29,35,34,28,25,32,27,32,33,32,20,28,30,25,22,30,25,25,21,25,23,24,18,16,21,14,16,18,14,19,5,10,23,14,15,17,6,8,11,17,16,10,6,8,7,9,7,7,5,15,8,9,9,8,3,8,5,4,8,9,9,7,5,7,3,5,2,10,6,3,6,3,5,6,2,4,2,2,1,5,3,1,1,1,0,1,3,4,0,2,0,1,1,0,0,0,1,0,0,1,0,0,0,0,0,0,0,0,0,0,0,0,0,0,7,7,14,0,2,2,2503,2551,5054,Ban Klang
810601,ปลายพระยา,69,88,87,91,86,79,87,77,85,79,84,79,97,75,78,73,98,101,101,89,106,105,96,88,104,82,87,79,93,89,98,85,98,82,105,87,116,93,97,87,109,88,104,87,98,95,109,82,98,91,103,98,101,109,116,92,102,116,110,113,97,104,105,85,110,108,112,114,99,139,93,93,88,108,103,104,112,107,114,106,97,88,95,84,101,101,84,111,102,111,106,119,100,103,104,96,101,102,78,86,102,83,80,87,89,68,71,59,84,59,70,72,70,67,77,57,43,53,42,39,32,48,29,29,46,44,54,42,32,32,39,38,29,30,28,36,36,30,35,28,18,24,18,22,19,22,14,19,26,20,22,22,25,36,26,25,16,31,9,20,8,18,10,19,11,10,10,12,6,21,11,8,6,5,3,11,6,5,3,10,1,6,2,2,3,2,2,1,1,3,1,3,0,0,1,0,0,0,0,0,0,0,0,0,0,0,0,38,34,72,5,3,8,2,0,2,6334,6163,12497,Plai Phraya
810601,ปลายพระยา,39,36,33,35,44,40,56,48,63,62,53,64,60,60,54,51,54,40,44,38,51,33,47,40,52,43,32,43,38,37,35,47,38,33,49,40,45,54,45,41,38,39,42,35,29,49,39,38,38,44,40,48,53,49,57,48,47,34,57,45,45,38,50,50,60,52,45,56,58,50,48,46,46,54,57,55,64,38,40,59,60,47,40,53,48,58,46,57,37,57,55,55,43,37,57,43,49,45,39,30,50,39,43,46,45,45,35,49,30,46,45,35,30,46,30,23,29,38,32,21,21,17,12,14,33,27,12,15,14,22,16,22,10,19,16,18,17,11,9,11,11,11,8,13,10,13,7,9,10,9,14,7,9,12,17,14,9,11,4,9,6,5,6,10,10,3,5,10,4,4,3,5,3,2,5,5,5,5,3,6,2,2,2,2,0,1,0,0,0,0,0,1,0,3,0,0,0,0,0,0,0,0,0,1,0,0,0,17,11,28,3,10,13,14,10,24,3075,3062,6137,Plai Phraya
810602,เขาเขน,45,46,30,34,50,43,43,34,48,52,50,49,43,37,55,37,33,45,57,43,43,39,44,43,39,46,40,30,38,29,47,31,51,39,58,32,54,39,42,49,50,49,45,45,53,55,44,52,47,56,54,60,55,61,62,57,65,64,53,48,67,51,70,43,69,63,47,85,59,50,41,50,51,44,45,40,48,56,57,62,50,35,54,49,42,43,58,57,43,51,50,47,50,51,50,44,56,60,41,41,50,46,51,49,49,49,50,48,47,33,53,35,37,40,32,35,28,22,22,27,19,28,13,32,29,32,19,22,27,21,21,18,14,26,25,16,11,16,10,11,19,10,8,7,13,15,14,10,10,10,6,15,6,8,18,14,12,13,13,12,8,10,12,15,9,13,6,8,3,3,1,1,3,7,4,7,5,6,3,3,0,2,0,1,1,1,1,5,0,0,2,0,0,0,0,0,1,0,0,0,0,0,0,1,0,0,0,0,0,0,4,7,11,2,0,2,3277,3176,6453,Khao Khen
810603,เขาต่อ,39,47,48,51,47,54,46,53,49,56,56,55,76,59,60,62,57,54,51,62,66,54,58,65,69,44,61,50,56,59,65,58,49,52,42,57,68,50,65,54,64,74,57,51,58,52,44,50,60,50,65,66,74,63,36,57,58,45,43,61,61,58,55,64,55,52,54,70,64,56,60,72,64,57,67,62,45,52,58,72,48,61,62,59,67,66,50,63,76,54,63,75,60,55,57,58,73,61,32,47,68,53,59,55,52,43,44,44,49,63,35,34,38,42,33,52,43,37,39,34,27,48,31,36,32,31,30,33,24,25,18,22,19,29,17,21,17,14,11,14,18,11,15,11,10,18,14,13,8,14,12,9,9,19,17,7,12,10,11,13,13,17,13,12,6,16,7,14,7,9,1,11,8,5,3,9,7,6,4,12,2,3,2,3,3,2,2,0,1,0,2,1,1,3,1,1,2,0,0,0,0,0,0,0,0,0,0,0,0,0,2,2,4,0,1,1,3757,3861,7618,Khao To
810604,คีรีวง,38,37,27,34,47,44,43,39,36,37,47,39,48,36,40,35,47,36,41,46,45,39,46,32,40,27,40,37,34,27,41,34,48,38,41,40,33,36,44,46,51,43,41,45,39,29,37,47,38,38,54,50,43,59,59,42,61,62,53,37,61,53,45,51,43,32,57,52,52,55,39,50,51,52,49,46,49,49,45,56,42,59,40,54,46,68,42,45,62,57,57,47,39,48,50,38,53,51,44,48,49,55,38,41,35,27,32,43,30,35,37,24,31,31,31,26,21,22,26,22,35,23,24,23,19,29,21,20,16,29,12,14,18,19,22,12,12,17,10,21,11,11,11,15,11,9,12,8,8,12,19,11,13,8,9,17,9,8,12,8,7,9,7,5,3,13,8,11,7,10,2,5,3,2,5,5,3,1,4,5,0,2,2,2,0,2,1,0,0,0,0,1,0,1,1,0,0,1,0,0,0,0,0,0,0,0,0,0,0,0,0,1,1,0,0,0,2955,2918,5873,Khiri Wong
810701,ลำทับ,39,43,43,37,45,44,53,59,58,46,58,59,48,36,49,41,45,32,35,37,28,47,29,39,36,35,40,55,42,33,42,27,54,29,38,33,53,46,42,44,32,38,34,34,30,32,35,39,42,55,55,49,59,53,50,41,51,37,46,47,56,46,51,50,48,43,51,53,43,42,51,48,47,50,43,37,45,40,47,44,42,35,45,35,36,44,41,56,45,32,56,47,24,43,39,37,49,27,46,38,26,27,39,35,31,24,36,37,35,29,18,25,33,22,22,20,18,22,19,16,27,16,11,14,17,13,17,15,11,16,11,13,13,9,14,18,11,16,10,9,8,13,10,8,6,4,3,7,11,7,6,6,2,10,7,4,9,7,3,6,2,3,3,9,5,6,4,3,1,2,2,0,0,5,0,2,2,1,0,4,2,0,1,2,0,1,1,1,1,2,1,0,0,1,0,0,0,0,0,0,0,0,0,0,0,0,0,8,8,16,1,1,2,1,0,1,2735,2613,5348,Lam Thap
810701,ลำทับ,26,23,26,28,29,38,42,34,43,38,34,36,32,39,27,28,31,35,36,29,21,24,31,23,27,25,28,24,26,28,21,22,24,20,25,35,25,25,28,23,23,24,27,32,27,24,25,14,23,27,32,27,36,28,30,34,33,35,31,51,30,39,30,34,27,21,38,37,33,29,34,40,30,31,31,18,27,34,34,29,34,41,31,28,25,31,17,32,15,37,32,36,25,29,42,39,27,32,26,32,31,37,33,22,29,31,27,22,20,27,22,19,17,28,22,15,15,25,19,20,12,13,15,15,10,7,8,12,12,13,9,5,9,11,8,8,9,3,6,8,5,5,8,11,3,13,7,6,1,7,5,6,5,3,4,3,3,5,4,6,2,2,1,6,5,4,4,6,5,2,1,2,2,4,2,1,0,2,0,1,0,1,2,0,0,2,0,2,0,0,0,1,0,1,0,0,1,0,0,0,0,0,0,0,0,0,0,38,36,74,4,2,6,20,21,41,1922,2024,3946,Lam Thap
810702,ดินอุดม,49,26,54,40,45,39,51,59,50,45,50,47,47,54,54,50,47,57,55,49,53,56,47,36,52,60,39,49,37,47,46,41,37,46,34,46,46,51,58,53,44,35,32,43,30,54,42,35,54,48,42,44,56,53,55,40,42,62,62,53,51,45,45,43,43,49,57,64,51,63,73,42,54,56,60,44,59,48,58,48,47,43,48,55,57,54,54,31,60,50,36,46,49,37,37,41,31,46,39,38,35,32,34,38,30,26,31,24,32,33,34,30,39,36,22,23,18,17,20,24,22,27,19,24,20,27,23,24,15,9,14,28,21,18,15,26,16,18,11,20,12,11,13,9,7,14,15,8,8,8,9,6,6,6,11,10,10,4,2,9,6,7,6,11,8,9,2,6,3,5,3,5,5,3,2,9,4,2,2,2,3,6,2,1,1,4,0,2,1,0,1,3,0,0,1,0,2,0,1,0,0,0,0,0,0,0,0,0,0,0,1,0,1,1,0,1,3038,3025,6063,Din Udom
810703,ทุ่งไทรทอง,36,28,34,31,44,32,44,47,38,48,38,48,45,33,39,54,39,33,35,36,26,35,41,37,40,21,31,34,26,23,42,33,28,28,34,28,40,32,31,36,35,37,41,45,32,32,24,42,44,48,46,38,36,52,26,32,52,43,44,42,32,54,44,47,43,46,38,38,33,46,42,31,34,41,37,30,41,27,45,36,44,30,32,45,59,41,31,30,31,41,42,53,37,34,34,37,26,37,35,40,27,25,21,34,32,19,28,16,33,20,24,26,16,14,12,17,20,20,13,18,18,15,20,20,9,14,13,13,10,18,12,8,4,9,11,9,5,12,6,14,8,11,5,4,1,14,5,6,5,6,6,13,9,5,6,9,6,4,4,4,4,2,2,8,6,3,3,2,4,12,2,1,0,2,2,2,1,3,3,1,1,4,1,3,1,0,0,1,1,0,0,2,0,0,0,1,0,0,0,0,0,0,0,0,0,0,0,0,0,0,1,0,1,3,0,3,2295,2356,4651,Thung Sai Thong
810703,ทุ่งไทรทอง,1,2,5,3,1,3,2,1,2,3,1,1,4,6,2,2,2,3,3,5,2,3,2,2,1,2,1,6,0,2,2,1,4,2,3,0,2,2,5,4,3,0,2,6,3,2,1,1,5,2,1,2,0,1,2,2,5,1,3,2,4,3,2,3,1,1,2,4,3,1,2,2,3,1,3,3,1,7,2,4,3,4,1,2,2,2,5,4,2,1,3,1,3,5,3,3,4,5,3,1,1,3,3,3,2,1,1,1,1,2,1,2,0,2,0,0,0,1,1,0,0,0,0,2,2,0,0,2,2,0,0,0,2,1,0,2,0,1,2,2,0,0,0,1,0,0,1,2,0,2,0,0,2,0,0,0,1,0,0,1,0,0,0,0,0,0,0,1,1,0,0,0,0,0,0,0,0,1,0,0,1,1,0,0,0,0,0,0,0,1,0,0,0,0,0,0,0,0,0,0,0,0,0,0,0,0,0,0,0,0,0,0,0,0,0,0,146,164,310,Thung Sai Thong
810704,ดินแดง,28,22,35,39,28,27,35,36,25,27,31,35,33,26,30,32,32,35,32,23,33,29,28,21,25,28,32,23,26,25,30,36,28,24,38,29,25,32,31,26,35,23,25,33,27,26,28,23,28,38,42,33,33,28,37,35,42,34,42,28,30,36,48,33,35,35,27,32,24,31,34,30,30,32,40,29,36,26,34,30,32,24,29,33,29,33,26,30,24,25,35,35,31,26,24,29,27,25,19,24,22,33,27,24,32,19,28,17,24,26,28,21,26,23,21,21,21,15,21,22,21,20,15,6,14,13,15,12,13,12,15,15,5,11,15,6,8,7,12,5,5,7,3,7,5,3,7,3,5,8,5,5,2,6,3,5,3,4,4,3,3,5,1,4,2,4,5,1,0,3,5,2,0,1,0,1,0,1,0,0,2,1,0,1,1,1,0,0,0,0,0,1,0,0,0,0,0,0,0,0,0,0,0,0,0,0,0,0,0,0,0,0,0,2,1,3,2004,1880,3884,Din Daeng
810801,เหนือคลอง,88,79,98,82,91,85,89,71,81,85,100,85,86,71,100,94,81,100,96,78,83,86,87,81,71,83,77,82,95,79,83,70,73,78,71,73,75,79,89,85,77,95,76,77,82,77,59,70,92,69,81,77,81,85,67,79,64,101,88,82,75,67,79,79,83,82,71,84,58,60,87,101,81,83,86,91,79,78,74,91,69,64,64,84,78,90,66,77,82,78,76,73,75,69,67,87,73,67,75,52,61,70,60,68,57,64,56,50,55,58,53,52,55,51,64,56,29,46,41,49,33,31,27,28,34,28,31,41,28,42,29,29,32,20,34,25,17,20,18,30,15,12,17,10,9,10,5,17,14,17,10,16,9,12,20,12,4,19,14,10,9,7,6,8,3,16,7,4,9,6,0,4,2,7,0,2,1,3,2,4,1,1,0,3,0,3,0,0,2,1,0,2,0,0,0,0,0,0,0,1,0,1,0,0,0,0,0,66,57,123,1,1,2,18,8,26,5037,5127,10164,Nuea Khlong
810801,เหนือคลอง,16,34,24,20,29,30,43,30,37,53,30,40,36,21,29,23,13,30,30,25,23,27,41,32,28,34,32,20,36,21,31,22,29,27,22,28,33,19,24,29,32,30,36,23,24,25,24,38,33,26,25,25,27,25,31,23,21,23,16,27,22,30,36,35,31,30,32,33,31,28,34,27,40,50,40,34,37,29,33,49,32,33,39,44,47,30,30,25,32,32,26,41,28,37,24,37,39,33,41,21,28,43,30,38,33,41,29,38,29,37,26,40,29,33,29,26,30,30,25,31,25,27,25,21,23,25,15,19,15,23,17,20,20,21,15,15,9,15,16,12,9,16,7,14,4,7,10,13,7,16,8,12,9,14,9,13,7,5,5,10,3,12,7,10,11,8,5,3,6,3,1,3,2,9,2,4,1,4,1,0,1,2,2,2,0,2,1,1,1,0,0,1,0,1,0,1,0,2,0,0,1,0,1,0,0,0,0,39,25,64,7,2,9,2,2,4,2166,2280,4446,Nuea Khlong
810802,เกาะศรีบอยา,30,33,42,30,36,49,45,40,44,47,45,48,40,41,45,51,56,57,52,42,43,34,55,30,48,44,52,40,40,46,44,45,48,41,38,50,52,42,38,45,35,42,46,37,38,42,38,41,30,45,39,43,46,34,42,43,47,36,52,57,47,37,45,44,44,37,40,36,47,42,49,35,49,40,45,50,30,36,39,46,48,44,42,42,50,39,35,35,50,36,47,47,45,31,37,30,34,32,32,35,30,31,41,37,23,24,35,24,30,33,28,20,29,24,19,24,16,28,22,17,8,18,17,11,18,7,11,25,16,20,14,22,18,15,12,10,7,10,9,9,10,9,9,5,5,5,10,10,12,5,5,6,5,11,6,9,8,10,7,7,3,4,2,6,6,3,2,7,4,5,7,6,5,1,3,4,2,2,3,1,0,3,0,1,1,1,0,1,1,1,0,0,1,2,0,0,0,0,0,0,0,0,0,0,0,0,0,0,0,0,4,2,6,3,0,3,2688,2585,5273,Ko Si Boya
810803,คลองขนาน,60,73,67,65,81,67,70,69,90,85,88,89,84,74,71,96,84,74,89,78,79,73,91,83,73,65,72,65,76,84,63,69,72,60,82,74,72,51,72,61,107,74,69,73,64,59,64,67,81,85,80,84,83,81,72,81,82,80,68,80,74,60,94,91,95,70,62,76,59,82,74,85,91,68,81,80,65,71,60,58,68,53,59,74,65,64,64,63,82,76,76,71,53,53,62,45,55,65,51,53,67,69,57,60,51,51,48,50,53,53,47,51,42,32,45,58,44,38,33,34,32,38,20,23,32,33,25,35,27,30,22,36,30,34,19,30,35,31,14,18,16,17,11,16,20,21,16,11,10,14,18,16,15,11,12,18,13,8,12,17,9,13,5,13,6,6,7,9,10,13,4,9,5,8,2,3,2,2,2,4,3,2,4,2,1,2,0,2,0,1,1,1,1,1,0,1,0,0,0,1,0,1,0,0,0,0,0,0,0,0,4,4,8,5,3,8,4653,4631,9284,Khlong Khanan
810804,คลองเขม้า,44,41,45,41,55,41,51,58,51,53,55,62,56,42,53,50,49,52,45,47,64,63,69,42,48,54,30,39,48,42,48,47,39,46,43,41,30,40,51,42,56,59,37,55,34,46,31,44,38,65,55,40,47,59,41,45,69,45,49,55,45,46,48,44,49,49,52,43,48,46,37,40,46,43,38,42,39,46,51,48,49,31,40,54,36,34,33,30,39,34,27,38,20,39,33,40,44,32,34,34,25,32,29,33,36,48,35,16,25,31,14,29,28,39,29,37,18,32,26,22,19,23,26,23,19,25,20,24,22,22,15,16,22,15,13,17,15,13,7,21,9,12,9,5,11,19,6,12,6,8,6,14,3,12,10,13,7,9,12,5,5,7,1,9,5,8,4,8,2,12,1,6,2,3,3,5,2,5,2,1,2,5,1,4,0,2,1,0,0,0,0,1,0,0,0,0,0,0,0,0,0,0,0,0,0,0,0,0,0,0,3,0,3,6,0,6,2801,2972,5773,Khlong Khamao
810805,โคกยาง,36,53,45,41,49,54,45,50,46,40,48,39,56,49,46,39,48,50,55,46,50,40,47,45,37,51,35,30,42,33,50,39,38,47,37,45,43,33,50,37,52,46,37,40,38,49,41,50,50,41,46,55,62,59,51,50,46,46,35,59,59,40,63,47,48,52,45,67,64,53,56,59,46,47,54,50,49,53,64,45,60,39,60,55,68,54,48,51,53,47,42,51,48,55,56,39,46,45,38,35,41,45,33,50,48,42,38,37,38,36,32,37,26,29,36,51,26,36,17,36,18,27,28,21,30,31,13,28,23,26,15,29,19,23,21,21,16,19,19,21,16,19,11,21,13,19,12,21,6,15,14,19,13,16,10,21,17,12,9,8,8,10,12,15,6,13,10,9,5,12,8,9,2,15,5,8,7,2,1,4,2,5,2,2,4,5,1,0,1,0,0,1,0,1,1,0,0,5,0,0,0,1,0,1,0,0,0,0,0,0,3,4,7,3,0,3,3167,3278,6445,Khok Yang
810806,ตลิ่งชัน,40,41,32,35,61,36,48,44,41,47,55,58,46,47,50,63,48,53,62,40,42,39,47,52,57,51,43,27,48,35,41,43,51,50,40,39,53,48,57,40,45,46,38,48,30,36,44,45,45,46,64,57,50,54,37,57,65,45,48,53,53,64,43,53,54,49,53,38,33,54,58,61,42,49,49,33,52,29,48,47,61,52,52,56,53,39,35,37,45,44,38,41,38,44,34,43,45,26,31,33,22,44,40,38,20,39,35,37,33,36,26,39,25,40,32,31,32,33,27,20,24,17,14,28,26,23,32,19,20,32,26,16,17,20,12,22,16,21,7,8,12,9,10,11,16,11,5,11,11,12,10,9,9,8,5,11,7,7,10,12,8,15,4,11,8,10,7,6,4,6,3,5,3,4,5,2,3,5,3,2,4,2,3,7,1,4,2,3,2,0,1,1,0,0,3,1,0,1,0,1,0,0,0,1,0,0,0,0,0,0,2,0,2,3,0,3,2995,3018,6013,Taling Chan
810807,ปกาสัย,40,43,55,40,57,50,55,45,64,52,45,55,49,41,44,70,53,58,69,66,65,70,71,50,49,54,52,44,50,58,62,43,52,50,45,59,55,51,52,50,56,51,47,69,40,65,58,55,50,49,61,59,58,63,59,51,45,56,61,59,47,53,73,62,67,68,64,70,59,56,61,68,54,63,70,54,62,61,67,63,58,55,53,61,60,61,63,65,60,64,46,65,42,54,62,69,43,73,59,48,67,61,75,59,54,59,63,72,56,35,56,53,47,66,43,41,37,44,37,45,33,33,28,28,24,36,35,36,35,28,27,31,20,34,19,31,21,32,30,21,12,30,17,18,17,27,12,20,9,18,9,18,12,15,14,15,18,18,13,16,10,13,9,11,8,14,2,5,9,12,6,6,6,7,5,5,10,6,4,4,2,3,4,2,2,1,2,3,1,2,0,1,0,0,0,1,0,2,1,1,0,1,0,1,0,0,0,0,0,0,5,2,7,2,1,3,3817,4003,7820,Pakasai
810808,ห้วยยูง,51,45,58,55,56,58,72,48,47,54,49,53,52,49,62,58,66,56,42,39,60,40,70,74,54,48,51,50,55,46,49,50,56,40,49,53,44,56,53,52,72,58,59,65,48,60,41,55,52,66,61,63,56,51,62,58,35,56,63,66,51,56,57,57,68,54,58,66,65,74,61,61,62,62,61,52,54,56,67,74,59,62,56,81,67,57,71,63,62,52,68,57,64,41,75,47,43,69,48,39,51,51,43,46,42,45,43,45,37,44,41,46,32,48,43,46,27,39,34,19,25,25,31,28,13,33,22,35,26,33,18,23,28,24,17,24,28,20,10,13,14,21,12,21,13,17,11,13,11,17,14,8,9,14,15,14,9,12,14,19,7,13,6,7,7,14,4,9,7,6,7,7,6,7,5,4,1,5,5,3,3,4,1,4,0,3,0,2,1,0,1,0,1,2,0,1,0,0,1,1,0,0,0,0,1,0,1,0,0,0,5,10,15,4,1,5,3668,3748,7416,Huai Yung
